scientific_name,bbl_common_name,bbl_alpha,bbl_french_name,bbl_threatened_endangered,genus
Aechmophorus occidentalis,Western Grebe,WEGR,Grèbe élégant,,Aechmophorus
Aechmophorus clarkii,Clark's Grebe,CLGR,Grèbe à face blanche,,Aechmophorus
Podiceps grisegena,Red-necked Grebe,RNGR,Grèbe jougris,,Podiceps
Podiceps auritus,Horned Grebe,HOGR,Grèbe esclavon,Québec,Podiceps
Podiceps nigricollis,Eared Grebe,EAGR,Grèbe à cou noir,,Podiceps
Tachybaptus dominicus,Least Grebe,LEGR,Grèbe minime,,Tachybaptus
Podilymbus podiceps,Pied-billed Grebe,PBGR,Grèbe à bec bigarré,,Podilymbus
Gavia immer,Common Loon,COLO,Plongeon huard,,Gavia
Gavia adamsii,Yellow-billed Loon,YBLO,Plongeon à bec blanc,,Gavia
Gavia arctica,Arctic Loon,ARLO,Plongeon arctique,,Gavia
Gavia pacifica,Pacific Loon,PALO,Plongeon du Pacifique,,Gavia
Gavia stellata,Red-throated Loon,RTLO,Plongeon catmarin,,Gavia
Fratercula cirrhata,Tufted Puffin,TUPU,Macareux huppé,,Fratercula
Fratercula arctica,Atlantic Puffin,ATPU,Macareux moine,,Fratercula
Fratercula corniculata,Horned Puffin,HOPU,Macareux cornu,,Fratercula
Cerorhinca monocerata,Rhinoceros Auklet,RHAU,Macareux rhinocéros,,Cerorhinca
Ptychoramphus aleuticus,Cassin's Auklet,CAAU,Starique de Cassin,,Ptychoramphus
Aethia psittacula,Parakeet Auklet,PAAU,Starique perroquet,,Aethia
Aethia cristatella,Crested Auklet,CRAU,Starique cristatelle,,Aethia
Aethia pygmaea,Whiskered Auklet,WHAU,Starique pygmée,,Aethia
Aethia pusilla,Least Auklet,LEAU,Starique minuscule,,Aethia
Synthliboramphus antiquus,Ancient Murrelet,ANMU,Guillemot à cou blanc,,Synthliboramphus
Brachyramphus marmoratus,Marbled Murrelet,MAMU,Guillemot marbré,Y,Brachyramphus
Brachyramphus perdix,Long-billed Murrelet,LBMU,Guillemot à long bec,,Brachyramphus
Brachyramphus marmoratus,Alaska Marbled Murrelet,AMMU,Guillemot marbré de l'Alaska,,Brachyramphus
Brachyramphus brevirostris,Kittlitz's Murrelet,KIMU,Guillemot de Kittlitz,,Brachyramphus
Synthliboramphus scrippsi,Scripps's Murrelet,SCMU,Guillemot de Scripps,,Synthliboramphus
Synthliboramphus hypoleucus,Guadalupe Murrelet,GUMU,Guillemot de Xantus,,Synthliboramphus
Synthliboramphus craveri,Craveri's Murrelet,CRMU,Guillemot de Craveri,,Synthliboramphus
Cepphus grylle,Black Guillemot,BLGU,Guillemot à miroir,,Cepphus
Cepphus columba,Pigeon Guillemot,PIGU,Guillemot colombin,,Cepphus
Uria aalge,Common Murre,COMU,Guillemot marmette,,Uria
Uria lomvia,Thick-billed Murre,TBMU,Guillemot de Brünnich,,Uria
Alca torda,Razorbill,RAZO,Petit Pingouin,,Alca
Alle alle,Dovekie,DOVE,Mergule nain,,Alle
Stercorarius skua,Great Skua,GRSK,Grand Labbe,,Stercorarius
Stercorarius maccormicki,South Polar Skua,SPSK,Labbe de McCormick,,Stercorarius
Stercorarius pomarinus,Pomarine Jaeger,POJA,Labbe pomarin,,Stercorarius
Stercorarius parasiticus,Parasitic Jaeger,PAJA,Labbe parasite,,Stercorarius
Stercorarius longicaudus,Long-tailed Jaeger,LTJA,Labbe à longue queue,,Stercorarius
Pagophila eburnea,Ivory Gull,IVGU,Mouette blanche,Newfoundland and Labrador Northwest Territories Nunavut,Pagophila
Leucophaeus scoresbii,Dolphin Gull,DOGU,Goéland de Scoresby,,Leucophaeus
Rissa tridactyla,Black-legged Kittiwake,BLKI,Mouette tridactyle,,Rissa
Rissa brevirostris,Red-legged Kittiwake,RLKI,Mouette des brumes,,Rissa
Larus hyperboreus,Glaucous Gull,GLGU,Goéland bourgmestre,,Larus
Larus glaucoides,Iceland Gull,ICGU,Goéland arctique,,Larus
Larus glaucoides thayeri,Thayer's Gull,THGU,Goéland de Thayer,,Larus
Larus glaucescens,Glaucous-winged Gull,GWGU,Goéland à ailes grises,,Larus
Larus marinus,Great Black-backed Gull,GBBG,Goéland marin,,Larus
Larus schistisagus,Slaty-backed Gull,SBGU,Goéland à manteau ardoisé,,Larus
Larus occidentalis,Western Gull,WEGU,Goéland d'Audubon,,Larus
Larus livens,Yellow-footed Gull,YFGU,Goéland de Cortez,,Larus
Larus fuscus,Lesser Black-backed Gull,LBBG,Goéland brun,,Larus
Larus argentatus,Herring Gull,HERG,Goéland argenté,,Larus
Larus californicus,California Gull,CAGU,Goéland de Californie,,Larus
Larus delawarensis,Ring-billed Gull,RBGU,Goéland à bec cerclé,,Larus
Larus belcheri,Belcher's Gull,BEGU,Goéland siméon,,Larus
Chroicocephalus ridibundus,Black-headed Gull,BHGU,Mouette rieuse,,Chroicocephalus
Larus canus,Common Gull,COGU,Goéland cendré,,Larus
Larus brachyrhynchus,Short-billed Gull,SHOG,Goéland à bec court,,Larus
Larus heermanni,Heermann's Gull,HEEG,Goéland de Heermann,,Larus
Leucophaeus atricilla,Laughing Gull,LAGU,Mouette atricille,,Leucophaeus
Leucophaeus pipixcan,Franklin's Gull,FRGU,Mouette de Franklin,,Leucophaeus
Chroicocephalus philadelphia,Bonaparte's Gull,BOGU,Mouette de Bonaparte,,Chroicocephalus
Hydrocoloeus minutus,Little Gull,LIGU,Mouette pygmée,,Hydrocoloeus
Rhodostethia rosea,Ross's Gull,ROGU,Mouette rosée,Manitoba Nunavut,Rhodostethia
Xema sabini,Sabine's Gull,SAGU,Mouette de Sabine,,Xema
Gelochelidon nilotica,Gull-billed Tern,GBTE,Sterne hansel,,Gelochelidon
Hydroprogne caspia,Caspian Tern,CATE,Sterne caspienne,,Hydroprogne
Thalasseus maximus,Royal Tern,ROYT,Sterne royale,,Thalasseus
Thalasseus bergii,Great Crested Tern,GCTE,Sterne huppée,,Thalasseus
Thalasseus elegans,Elegant Tern,ELTE,Sterne élégante,,Thalasseus
Thalasseus sandvicensis,Sandwich Tern,SATE,Sterne caugek,,Thalasseus
Thalasseus acuflavidus eurygnathus,Cayenne Tern,CAYT,Sterne de Cayenne,,Thalasseus
Sterna forsteri,Forster's Tern,FOTE,Sterne de Forster,,Sterna
Sterna hirundo,Common Tern,COTE,Sterne pierregarin,,Sterna
Sterna paradisaea,Arctic Tern,ARTE,Sterne arctique,,Sterna
Sterna dougallii,Roseate Tern,ROST,Sterne de Dougall,Y,Sterna
Onychoprion aleuticus,Aleutian Tern,ALTE,Sterne des Aléoutiennes,,Onychoprion
Sterna sumatrana,Black-naped Tern,BNTE,Sterne diamant,,Sterna
Sternula antillarum,Least Tern,LETE,Petite Sterne,,Sternula
Sternula albifrons,Little Tern,LITE,Sterne naine,,Sternula
Sternula antillarum athalassos,Interior Least Tern,ILTE,Petite Sterne (intérieure),,Sternula
Sternula antillarum browni,California Least Tern,CLTE,Petite Sterne (Californie),Y,Sternula
Onychoprion fuscatus,Sooty Tern,SOTE,Sterne fuligineuse,,Onychoprion
Onychoprion anaethetus,Bridled Tern,BRTE,Sterne bridée,,Onychoprion
Onychoprion lunatus,Gray-backed Tern,GRAT,Sterne à dos gris,,Onychoprion
Chlidonias niger,Black Tern,BLTE,Guifette noire,,Chlidonias
Chlidonias leucopterus,White-winged Tern,WWTE,Guifette leucoptère,,Chlidonias
Chlidonias hybrida,Whiskered Tern,WHIT,Guifette moustac,,Chlidonias
Anous stolidus,Brown Noddy,BRNO,Noddi brun,,Anous
Anous minutus,Black Noddy,BLNO,Noddi noir,,Anous
Anous ceruleus,Blue-gray Noddy,BGNO,Noddi bleu,,Anous
Gygis alba,White Tern,WHTE,Gygis blanche,,Gygis
Rynchops niger,Black Skimmer,BLSK,Bec-en-ciseaux noir,,Rynchops
Phoebastria nigripes,Black-footed Albatross,BFAL,Albatros à pieds noirs,,Phoebastria
Diomedea exulans,Wandering Albatross,WAAL,Albatros hurleur,,Diomedea
Phoebastria albatrus,Short-tailed Albatross,STAL,Albatros à queue courte,Y,Phoebastria
Phoebastria immutabilis,Laysan Albatross,LAAL,Albatros de Laysan,,Phoebastria
Thalassarche melanophris,Black-browed Albatross,BBAL,Albatros à sourcils noirs,,Thalassarche
Thalassarche cauta,White-capped Albatross,WCAL,Albatros à cape blanche,,Thalassarche
Phoebastria irrorata,Waved Albatross,WAVA,Albatros des Galapagos,,Phoebastria
Thalassarche chlororhynchos,Yellow-nosed Albatross,YNAL,Albatros à nez jaune,,Thalassarche
Fulmarus glacialis,Northern Fulmar,NOFU,Fulmar boréal,,Fulmarus
Calonectris leucomelas,Streaked Shearwater,STRS,Puffin leucomèle,,Calonectris
Calonectris borealis,Cory's Shearwater,COSH,Puffin cendré,,Calonectris
Calonectris diomedea,Scopoli's Shearwater,SCSH,,,Calonectris
Ardenna gravis,Great Shearwater,GRSH,Puffin majeur,,Ardenna
Puffinus puffinus,Manx Shearwater,MASH,Puffin des Anglais,,Puffinus
Ardenna creatopus,Pink-footed Shearwater,PFSH,Puffin à pieds roses,British Columbia,Ardenna
Puffinus lherminieri,Sargasso Shearwater,SASH,Puffin d'Audubon,,Puffinus
Puffinus assimilis,Little Shearwater,LISH,Petit Puffin,,Puffinus
Puffinus bailloni,Tropical Shearwater,TRSH,Puffin de Baillon,,Puffinus
Puffinus opisthomelas,Black-vented Shearwater,BVSH,Puffin cul-noir,,Puffinus
Puffinus auricularis,Townsend's Shearwater,TOSH,Puffin de Townsend,,Puffinus
Puffinus newelli,Newell's Shearwater,NESH,Puffin de Newell,Y,Puffinus
Ardenna grisea,Sooty Shearwater,SOSH,Puffin fuligineux,,Ardenna
Ardenna carneipes,Flesh-footed Shearwater,FFSH,Puffin à pieds pâles,,Ardenna
Ardenna tenuirostris,Short-tailed Shearwater,SHOS,Puffin à bec grêle,,Ardenna
Ardenna pacifica,Wedge-tailed Shearwater,WTSH,Puffin fouquet,,Ardenna
Ardenna bulleri,Buller's Shearwater,BULS,Puffin de Buller,,Ardenna
Puffinus nativitatis,Christmas Shearwater,CHSH,Puffin de la Nativité,,Puffinus
Pterodroma hasitata,Black-capped Petrel,BCPE,Pétrel diablotin,Y,Pterodroma
Pterodroma cookii,Cook's Petrel,COPE,Pétrel de Cook,,Pterodroma
Pterodroma sandwichensis,Hawaiian Petrel,HAPE,Pétrel des Hawaï,Y,Pterodroma
Pterodroma arminjoniana,Trindade Petrel,TRPE,Pétrel de Trindade,,Pterodroma
Pterodroma externa,Juan Fernandez Petrel,JFPE,Pétrel de Juan Fernandez,,Pterodroma
Pterodroma alba,Phoenix Petrel,PHPE,Pétrel à poitrine blanche,,Pterodroma
Pterodroma inexpectata,Mottled Petrel,MOPE,Pétrel maculé,,Pterodroma
Pterodroma hypoleuca,Bonin Petrel,BOPE,Pétrel des Bonin,,Pterodroma
Pterodroma nigripennis,Black-winged Petrel,BWPE,Pétrel à ailes noires,,Pterodroma
Pterodroma ultima,Murphy's Petrel,MUPE,Pétrel de Murphy,,Pterodroma
Pterodroma longirostris,Stejneger's Petrel,STPE,Pétrel de Stejneger,,Pterodroma
Pseudobulweria rostrata,Tahiti Petrel,TAPE,Pétrel de Tahiti,,Pseudobulweria
Bulweria bulwerii,Bulwer's Petrel,BUPE,Pétrel de Bulwer,,Bulweria
Daption capense,Cape Petrel,CAPE,Damier du Cap,,Daption
Hydrobates microsoma,Least Storm-Petrel,LTSP,Océanite minute,,Hydrobates
Hydrobates furcatus,Fork-tailed Storm-Petrel,FTSP,Océanite à queue fourchue,,Hydrobates
Hydrobates leucorhous,Leach's Storm-Petrel,LHSP,Océanite cul-blanc,,Hydrobates
Hydrobates castro,Band-rumped Storm-Petrel,BANP,Océanite de Castro,Y,Hydrobates
Hydrobates tethys,Wedge-rumped Storm-Petrel,WRSP,Océanite téthys,,Hydrobates
Hydrobates melania,Black Storm-Petrel,BLSP,Océanite noir,,Hydrobates
Hydrobates tristrami,Tristram's Storm-Petrel,TRSP,Océanite de Tristram,,Hydrobates
Hydrobates homochroa,Ashy Storm-Petrel,ASSP,Océanite cendré,,Hydrobates
Oceanites oceanicus,Wilson's Storm-Petrel,WISP,Océanite de Wilson,,Oceanites
Nesofregetta fuliginosa,White-throated Storm-Petrel,WHSP,Océanite à gorge blanche,,Nesofregetta
Pelagodroma marina,White-faced Storm-Petrel,WFSP,Océanite frégate,,Pelagodroma
Phaethon lepturus,White-tailed Tropicbird,WTTR,Phaéton à bec jaune,,Phaethon
Phaethon aethereus,Red-billed Tropicbird,RBTR,Phaéton à bec rouge,,Phaethon
Phaethon rubricauda,Red-tailed Tropicbird,RTTR,Phaéton à brins rouges,,Phaethon
Sula dactylatra,Masked Booby,MABO,Fou masqué,,Sula
Sula nebouxii,Blue-footed Booby,BFBO,Fou à pieds bleus,,Sula
Sula granti,Nazca Booby,NABO,Fou de Grant,,Sula
Sula ​​leucogaster,Brown Booby,BRBO,Fou brun,,Sula
Sula ​​brewsteri,Cocos Booby,COBO,,,Sula
Sula sula,Red-footed Booby,RFBO,Fou à pieds rouges,,Sula
Morus bassanus,Northern Gannet,NOGA,Fou de Bassan,,Morus
Anhinga anhinga,Anhinga,ANHI,Anhinga d'Amérique,,Anhinga
Phalacrocorax carbo,Great Cormorant,GRCO,Grand Cormoran,,Phalacrocorax
Nannopterum auritum,Double-crested Cormorant,DCCO,Cormoran à aigrettes,,Nannopterum
Leucocarbo bougainvillii,Guanay Cormorant,GUCO,Cormoran de Bougainville,,Leucocarbo
Nannopterum brasilianum,Neotropic Cormorant,NECO,Cormoran vigua,,Nannopterum
Urile penicillatus,Brandt's Cormorant,BRAC,Cormoran de Brandt,,Urile
Urile pelagicus,Pelagic Cormorant,PECO,Cormoran pélagique,,Urile
Urile urile,Red-faced Cormorant,RFCO,Cormoran à face rouge,,Urile
Pelecanus erythrorhynchos,American White Pelican,AWPE,Pélican d'Amérique,,Pelecanus
Pelecanus occidentalis,Brown Pelican,BRPE,Pélican brun,,Pelecanus
Fregata magnificens,Magnificent Frigatebird,MAFR,Frégate superbe,,Fregata
Fregata minor,Great Frigatebird,GRFR,Frégate du Pacifique,,Fregata
Fregata ariel,Lesser Frigatebird,LEFR,Frégate ariel,,Fregata
Mergus merganser,Common Merganser,COME,Grand Harle,,Mergus
Mergus serrator,Red-breasted Merganser,RBME,Harle huppé,,Mergus
Lophodytes cucullatus,Hooded Merganser,HOME,Harle couronné,,Lophodytes
Anas platyrhynchos,Mallard,MALL,Canard colvert,,Anas
Anas wyvilliana,Hawaiian Duck,HAWD,Canard des Hawaï,Y,Anas
Anas laysanensis,Laysan Duck,LADU,Canard de Laysan,Y,Anas
Anas rubripes,American Black Duck,ABDU,Canard noir,,Anas
Anas diazi,Mexican Duck,MEDU,Canard du Mexique,,Anas
Anas superciliosa,Pacific Black Duck,PBDU,Canard à sourcils,,Anas
Anas fulvigula,Mottled Duck,MODU,Canard brun,,Anas
Mareca strepera,Gadwall,GADW,Canard chipeau,,Mareca
Mareca penelope,Eurasian Wigeon,EUWI,Canard siffleur,,Mareca
Mareca americana,American Wigeon,AMWI,Canard d'Amérique,,Mareca
Mareca falcata,Falcated Duck,FADU,Canard à faucilles,,Mareca
Anas crecca crecca,European Green-winged Teal,EGWT,Sarcelle d'hiver (nominal),,Anas
Anas crecca,Green-winged Teal,AGWT,Sarcelle d'hiver,,Anas
Sibirionetta formosa,Baikal Teal,BATE,Sarcelle élégante,,Sibirionetta
Spatula querquedula,Garganey,GARG,Sarcelle d'été,,Spatula
Spatula discors,Blue-winged Teal,BWTE,Sarcelle à ailes bleues,,Spatula
Spatula cyanoptera,Cinnamon Teal,CITE,Sarcelle cannelle,,Spatula
Spatula clypeata,Northern Shoveler,NSHO,Canard souchet,,Spatula
Anas acuta,Northern Pintail,NOPI,Canard pilet,,Anas
Anas bahamensis,White-cheeked Pintail,WHIP,Canard des Bahamas,,Anas
Aix sponsa,Wood Duck,WODU,Canard branchu,,Aix
Cairina moschata,Muscovy Duck,MUDU,Canard musqué,,Cairina
Aythya americana,Redhead,REDH,Fuligule à tête rouge,,Aythya
Aythya ferina,Common Pochard,CPOC,Fuligule milouin,,Aythya
Aythya valisineria,Canvasback,CANV,Fuligule à dos blanc,,Aythya
Aythya marila,Greater Scaup,GRSC,Fuligule milouinan,,Aythya
Aythya affinis,Lesser Scaup,LESC,Petit Fuligule,,Aythya
Aythya fuligula,Tufted Duck,TUDU,Fuligule morillon,,Aythya
Aythya collaris,Ring-necked Duck,RNDU,Fuligule à collier,,Aythya
Bucephala clangula,Common Goldeneye,COGO,Garrot à oeil d'or,,Bucephala
Bucephala islandica,Barrow's Goldeneye,BAGO,Garrot d'Islande,,Bucephala
Bucephala albeola,Bufflehead,BUFF,Petit Garrot,,Bucephala
Clangula hyemalis,Long-tailed Duck,LTDU,Harelde kakawi,,Clangula
Histrionicus histrionicus,Harlequin Duck,HARD,Arlequin plongeur,,Histrionicus
Polysticta stelleri,Steller's Eider,STEI,Eider de Steller,Y,Polysticta
Somateria fischeri,Spectacled Eider,SPEI,Eider à lunettes,Y,Somateria
Somateria mollissima,Common Eider,COEI,Eider à duvet,,Somateria
Somateria spectabilis,King Eider,KIEI,Eider à tête grise,,Somateria
Melanitta americana,Black Scoter,BLSC,Macreuse à bec jaune,,Melanitta
Melanitta deglandi,White-winged Scoter,WWSC,Macreuse brune,,Melanitta
Melanitta perspicillata,Surf Scoter,SUSC,Macreuse à front blanc,,Melanitta
Oxyura jamaicensis,Ruddy Duck,RUDU,Érismature rousse,,Oxyura
Nomonyx dominicus,Masked Duck,MADU,Érismature routoutou,,Nomonyx
Anser caerulescens caerulescens,Lesser Snow Goose,LSGO,Oie des neiges (Petite),,Anser
Anser caerulescens,Blue Goose,BLGO,Oie des neiges (Phase bleue),,Anser
Anser caerulescens atlantica,Greater Snow Goose,GSGO,Oie des neiges (Grande),,Anser
Anser rossii,Ross's Goose,ROGO,Oie de Ross,,Anser
Anser albifrons,Greater White-fronted Goose,GWFG,Oie rieuse,,Anser
Anser fabalis,Taiga Bean-Goose,TABG,Oie des moissons,,Anser
Anser brachyrhynchus,Pink-footed Goose,PFGO,Oie à bec court,,Anser
Anser erythropus,Lesser White-fronted Goose,LWFG,Oie naine,,Anser
Anser albifrons elgasi,Tule White-fronted Goose,TWFG,Oie rieuse,,Anser
Branta canadensis,Canada Goose,CAGO,Bernache du Canada,,Branta
Branta hutchinsii leucopareia,Aleutian Cackling Goose,ACGO,Bernache de Hutchins des Aléoutiennes,,Branta
Branta hutchinsii minima,Minima Cackling Goose,MCGO,Bernache de Hutchins,,Branta
Branta canadensis maxima,Large Canada Goose,LCGO,Grande bernache du Canada,,Branta
Branta hutchinsii taverneri,Taverner's Cackling Goose,TCGO,Bernache de Taverner,,Branta
Branta hutchinsii hutchinsii,Richardson's Cackling Goose,RCGO,Bernache de Richardson,,Branta
Branta canadensis ocidentalis,Dusky Canada Goose,DCGO,Bernache du Canada sombre,,Branta
Branta canadensis parvipes,Small Canada/Cackling Goose,SCGO,Petite bernache du Canada/Bernache de Hutchins,,Branta
Branta bernicla hrota,Atlantic Brant,ATBR,Bernache cravant de l'Atlantique,,Branta
Branta bernicla nigricans,Black Brant,BLBR,Bernache noire,,Branta
Branta leucopsis,Barnacle Goose,BRNG,Bernache nonnette,,Branta
Branta sandvicensis,Hawaiian Goose,HAGO,Bernache néné,Y,Branta
Anser canagicus,Emperor Goose,EMGO,Oie empereur,,Anser
Dendrocygna autumnalis,Black-bellied Whistling-Duck,BBWD,Dendrocygne à ventre noir,,Dendrocygna
Dendrocygna arborea,West Indian Whistling-Duck,WIWD,Dendrocygne des Antilles,,Dendrocygna
Dendrocygna bicolor,Fulvous Whistling-Duck,FUWD,Dendrocygne fauve,,Dendrocygna
Cygnus olor,Mute Swan,MUSW,Cygne tuberculé,,Cygnus
Cygnus cygnus,Whooper Swan,WHOS,Cygne chanteur,,Cygnus
Cygnus columbianus columbianus,Whistling Swan,WHSW,Cygne siffleur,,Cygnus
Cygnus columbianus bewickii,Bewick's Swan,BESW,Cygne de Bewick,,Cygnus
Cygnus buccinator,Trumpeter Swan,TRUS,Cygne trompette,,Cygnus
Phoenicopterus ruber,American Flamingo,AMFL,Flamant des Caraïbes,,Phoenicopterus
Platalea ajaja,Roseate Spoonbill,ROSP,Spatule rosée,,Platalea
Eudocimus albus,White Ibis,WHIB,Ibis blanc,,Eudocimus
Eudocimus ruber,Scarlet Ibis,SCIB,Ibis rouge,,Eudocimus
Plegadis falcinellus,Glossy Ibis,GLIB,Ibis falcinelle,,Plegadis
Plegadis chihi,White-faced Ibis,WFIB,Ibis à face blanche,,Plegadis
Mycteria americana,Wood Stork,WOST,Tantale d'Amérique,Y,Mycteria
Botaurus lentiginosus,American Bittern,AMBI,Butor d'Amérique,,Botaurus
Botaurus exilis,Least Bittern,LEBI,Petit Blongios,Manitoba New Brunswick Nova Scotia Ontario Québec,Botaurus
Botaurus sinensis,Yellow Bittern,YEBI,Blongios de Chine,,Botaurus
Ardea herodias occidentalis,Great White Heron,GWHE,Grand Héron blanc,,Ardea
Ardea herodias,Great Blue Heron,GBHE,Grand Héron,,Ardea
Ardea alba,Great Egret,GREG,Grande Aigrette,,Ardea
Egretta sacra,Pacific Reef Heron,PRHE,Aigrette à gorge blanche,,Egretta
Egretta thula,Snowy Egret,SNEG,Aigrette neigeuse,,Egretta
Egretta rufescens,Reddish Egret,REEG,Aigrette roussâtre,,Egretta
Egretta tricolor,Tricolored Heron,TRHE,Aigrette tricolore,,Egretta
Egretta caerulea,Little Blue Heron,LBHE,Aigrette bleue,,Egretta
Aredea ibis,Western Cattle Egret,WECE,Héron garde-boeufs,,Aredea
Butorides virescens,Green Heron,GRHE,Héron vert,,Butorides
Nycticorax nycticorax,Black-crowned Night Heron,BCNH,Bihoreau gris,,Nycticorax
Nyctanassa violacea,Yellow-crowned Night Heron,YCNH,Bihoreau violacé,,Nyctanassa
Grus americana,Whooping Crane,WHCR,Grue blanche,Y,Grus
Antigone canadensis,Sandhill Crane,SACR,Grue du Canada,,Antigone
Antigone canadensis pulla,Mississippi Sandhill Crane,MSCR,Grue du Canada (Mississippi),Y,Antigone
Aramus guarauna,Limpkin,LIMP,Courlan brun,,Aramus
Rallus elegans,King Rail,KIRA,Râle élégant,Ontario,Rallus
Rallus crepitans,Clapper Rail,CLRA,Râle gris,,Rallus
Rallus obsoletus obsoletus,California Ridgway's Rail,CRRA,Râle de Californie,Y,Rallus
Rallus obsoletus levipes,Light-footed Ridgway's Rail,LFRR,Râle de Californie,Y,Rallus
Rallus obsoletus yumanensis,Yuma Ridgway's Rail,YRRA,,Y,Rallus
Rallus limicola,Virginia Rail,VIRA,Râle de Virginie,,Rallus
Hapalocrex flaviventer,Yellow-breasted Crake,YBCR,Marouette à sourcils blancs,,Hapalocrex
Porzana carolina,Sora,SORA,Marouette de Caroline,,Porzana
Coturnicops noveboracensis,Yellow Rail,YERA,Râle jaune,,Coturnicops
Laterallus jamaicensis,Black Rail,BLRA,Râle noir,,Laterallus
Gallirallus philippensis,Buff-banded Rail,BBRA,Râle tiklin,,Gallirallus
Gallirallus owstoni,Guam Rail,GURA,Râle de Guam,Y,Gallirallus
Laterallus jamaicensis jamaicensis,Eastern Black Rail,EBRA,Râle noir este,Y,Laterallus
Laterallus jamaicensis coturniculus,California Black Rail,CBRA,Râle noir de Californie,,Laterallus
Porphyrio martinicus,Purple Gallinule,PUGA,Talève violacée,,Porphyrio
Porphyrio porphyrio,Purple Swamphen,PUSW,Talève sultan,,Porphyrio
Gallinula galeata,Common Gallinule,COGA,Gallinule d’Amérique,,Gallinula
Gallinula galeata sandvicensis,Hawaiian Gallinule,HAGA,Gallinule d’Amérique forme d'Hawaï,Y,Gallinula
Gallinula chloropus guami,Mariana Common Moorhen,MCMO,Gallinule poule-d'eau,Y,Gallinula
Fulica alai,Hawaiian Coot,HACO,Foulque des Hawaï,Y,Fulica
Fulica americana,American Coot,AMCO,Foulque d'Amérique,,Fulica
Fulica caribaea,Caribbean Coot,CARC,Foulque à cachet blanc,,Fulica
Phalaropus fulicarius,Red Phalarope,REPH,Phalarope à bec large,,Phalaropus
Phalaropus lobatus,Red-necked Phalarope,RNPH,Phalarope à bec étroit,,Phalaropus
Phalaropus tricolor,Wilson's Phalarope,WIPH,Phalarope de Wilson,,Phalaropus
Recurvirostra americana,American Avocet,AMAV,Avocette d'Amérique,,Recurvirostra
Himantopus mexicanus,Black-necked Stilt,BNST,Échasse d'Amérique,,Himantopus
Himantopus mexicanus knudseni,Hawaiian Stilt,HAST,Échasse des Hawaï,Y,Himantopus
Himantopus himantopus,Black-winged Stilt,BWST,,,Himantopus
Scolopax rusticola,Eurasian Woodcock,EUWO,Bécasse des bois,,Scolopax
Scolopax minor,American Woodcock,AMWO,Bécasse d'Amérique,,Scolopax
Gallinago gallinago,Common Snipe,COSN,Bécassine des marais,,Gallinago
Gallinago delicata,Wilson's Snipe,WISN,Bécassine de Wilson,,Gallinago
Gallinago stenura,Pin-tailed Snipe,PTSN,Bécassine à queue pointue,,Gallinago
Gallinago megala,Swinhoe's Snipe,SWSN,Bécassine de Swinhoe,,Gallinago
Limnodromus griseus,Short-billed Dowitcher,SBDO,Bécassin roux,,Limnodromus
Limnodromus scolopaceus,Long-billed Dowitcher,LBDO,Bécassin à long bec,,Limnodromus
Calidris himantopus,Stilt Sandpiper,STSA,Bécasseau à échasses,,Calidris
Calidris canutus,Red Knot,REKN,Bécasseau maubèche,British Columbia Yukon Territory Northwest Territories,Calidris
Calidris canutus rufa,Rufa Red Knot,RRKN,Bécasseau maubèche,Y,Calidris
Calidris maritima,Purple Sandpiper,PUSA,Bécasseau violet,,Calidris
Calidris ptilocnemis,Rock Sandpiper,ROSA,Bécasseau des Aléoutiennes,,Calidris
Calidris acuminata,Sharp-tailed Sandpiper,SHAS,Bécasseau à queue pointue,,Calidris
Calidris melanotos,Pectoral Sandpiper,PESA,Bécasseau à poitrine cendrée,,Calidris
Calidris fuscicollis,White-rumped Sandpiper,WRSA,Bécasseau à croupion blanc,,Calidris
Calidris bairdii,Baird's Sandpiper,BASA,Bécasseau de Baird,,Calidris
Calidris minuta,Little Stint,LIST,Bécasseau minute,,Calidris
Calidris minutilla,Least Sandpiper,LESA,Bécasseau minuscule,,Calidris
Calidris ruficollis,Red-necked Stint,RNST,Bécasseau à col roux,,Calidris
Calidris subminuta,Long-toed Stint,LTST,Bécasseau à longs doigts,,Calidris
Calidris alpina,Dunlin,DUNL,Bécasseau variable,,Calidris
Calidris ferruginea,Curlew Sandpiper,CUSA,Bécasseau cocorli,,Calidris
Calidris pygmea,Spoon-billed Sandpiper,SPOS,Bécasseau spatule,,Calidris
Calidris pusilla,Semipalmated Sandpiper,SESA,Bécasseau semipalmé,,Calidris
Calidris mauri,Western Sandpiper,WESA,Bécasseau d'Alaska,,Calidris
Calidris alba,Sanderling,SAND,Bécasseau sanderling,,Calidris
Limosa fedoa,Marbled Godwit,MAGO,Barge marbrée,,Limosa
Limosa lapponica,Bar-tailed Godwit,BARG,Barge rousse,,Limosa
Limosa haemastica,Hudsonian Godwit,HUGO,Barge hudsonienne,,Limosa
Limosa limosa,Black-tailed Godwit,BLAG,Barge à queue noire,,Limosa
Tringa nebularia,Common Greenshank,CGRE,Chevalier aboyeur,,Tringa
Tringa melanoleuca,Greater Yellowlegs,GRYE,Grand Chevalier,,Tringa
Tringa flavipes,Lesser Yellowlegs,LEYE,Petit Chevalier,,Tringa
Tringa solitaria,Solitary Sandpiper,SOSA,Chevalier solitaire,,Tringa
Tringa glareola,Wood Sandpiper,WOSA,Chevalier sylvain,,Tringa
Tringa stagnatilis,Marsh Sandpiper,MASA,Chevalier stagnatile,,Tringa
Tringa semipalmata,Willet,WILL,Chevalier semipalmé,,Tringa
Tringa incana,Wandering Tattler,WATA,Chevalier errant,,Tringa
Tringa brevipes,Gray-tailed Tattler,GTTA,Chevalier de Sibérie,,Tringa
Calidris pugnax,Ruff,RUFF,Combattant varié,,Calidris
Bartramia longicauda,Upland Sandpiper,UPSA,Maubèche des champs,,Bartramia
Calidris subruficollis,Buff-breasted Sandpiper,BBSA,Bécasseau roussâtre,,Calidris
Actitis macularius,Spotted Sandpiper,SPSA,Chevalier grivelé,,Actitis
Actitis hypoleucos,Common Sandpiper,COSA,Chevalier guignette,,Actitis
Numenius americanus,Long-billed Curlew,LBCU,Courlis à long bec,,Numenius
Numenius phaeopus,Whimbrel,WHIM,Courlis corlieu,,Numenius
Numenius tahitiensis,Bristle-thighed Curlew,BTCU,Courlis d'Alaska,,Numenius
Vanellus vanellus,Northern Lapwing,NOLA,Vanneau huppé,,Vanellus
Eudromias morinellus,Eurasian Dotterel,EUDO,Pluvier guignard,,Eudromias
Pluvialis squatarola,Black-bellied Plover,BBPL,Pluvier argenté,,Pluvialis
Pluvialis apricaria,European Golden-Plover,EUGP,Pluvier doré,,Pluvialis
Pluvialis dominica,American Golden-Plover,AMGP,Pluvier bronzé,,Pluvialis
Pluvialis fulva,Pacific Golden-Plover,PAGP,Pluvier fauve,,Pluvialis
Charadrius vociferus,Killdeer,KILL,Pluvier kildir,,Charadrius
Charadrius semipalmatus,Semipalmated Plover,SEPL,Pluvier semipalmé,,Charadrius
Charadrius hiaticula,Common Ringed Plover,CRPL,Pluvier grand-gravelot,,Charadrius
Charadrius melodus,Piping Plover,PIPL,Pluvier siffleur,Y,Charadrius
Anarhynchus nivosus,Snowy Plover,SNPL,Pluvier neigeux,,Anarhynchus
Anarhynchus nivosus nivosus,Western Snowy Plover,WSPL,,Y,Anarhynchus
Anarhynchus mongolus,Siberian Sand-Plover,SISP,Pluvier de Mongolie,,Anarhynchus
Anarhynchus wilsonia,Wilson's Plover,WIPL,Pluvier de Wilson,,Anarhynchus
Anarhynchus montanus,Mountain Plover,MOPL,Pluvier montagnard,Alberta Saskatchewan,Anarhynchus
Calidris virgata,Surfbird,SURF,Bécasseau du ressac,,Calidris
Arenaria interpres,Ruddy Turnstone,RUTU,Tournepierre à collier,,Arenaria
Arenaria melanocephala,Black Turnstone,BLTU,Tournepierre noir,,Arenaria
Haematopus palliatus,American Oystercatcher,AMOY,Huîtrier d'Amérique,,Haematopus
Haematopus bachmani,Black Oystercatcher,BLOY,Huîtrier de Bachman,,Haematopus
Jacana spinosa,Northern Jacana,NOJA,Jacana du Mexique,,Jacana
Patagioenas fasciata,Band-tailed Pigeon,BTPI,Pigeon à queue barrée,,Patagioenas
Patagioenas inornata,Plain Pigeon,PLPI,Pigeon simple,Y,Patagioenas
Patagioenas inornata wetmorei,Puerto Rican Plain Pigeon,PRPP,,Y,Patagioenas
Patagioenas flavirostris,Red-billed Pigeon,RBPI,Pigeon à bec rouge,,Patagioenas
Patagioenas leucocephala,White-crowned Pigeon,WCPI,Pigeon à couronne blanche,,Patagioenas
Patagioenas squamosa,Scaly-naped Pigeon,SNPI,Pigeon à cou rouge,,Patagioenas
Streptopelia chinensis,Spotted Dove,SPDO,Tourterelle tigrine,,Streptopelia
Streptopelia roseogrisea,African Collared-Dove,AFCD,Tourterelle rieuse,,Streptopelia
Geopelia striata,Zebra Dove,ZEBD,Géopélie zébrée,,Geopelia
Pampusana xanthonura,White-throated Ground Dove,WTGD,Gallicolombe pampusane,,Pampusana
Ptilinopus roseicapilla,Mariana Fruit Dove,MAFD,Ptilope des Mariannes,,Ptilinopus
Streptopelia bitorquata,Philippine Turtle-Dove,PHTD,Tourterelle des Philippines,,Streptopelia
Streptopelia decaocto,Eurasian Collared-Dove,ECDO,Tourterelle turque,,Streptopelia
Zenaida macroura,Mourning Dove,MODO,Tourterelle triste,,Zenaida
Zenaida auriculata,Eared Dove,EADO,Tourterelle oreillarde,,Zenaida
Zenaida aurita,Zenaida Dove,ZEND,Tourterelle à queue carrée,,Zenaida
Leptotila verreauxi,White-tipped Dove,WTDO,Colombe de Verreaux,,Leptotila
Leptotila jamaicensis,Caribbean Dove,CADO,Colombe de la Jamaïque,,Leptotila
Zenaida asiatica,White-winged Dove,WWDO,Tourterelle à ailes blanches,,Zenaida
Columbina passerina,Common Ground Dove,COGD,Colombe à queue noire,,Columbina
Columbina talpacoti,Ruddy Ground Dove,RUGD,Colombe rousse,,Columbina
Columbina inca,Inca Dove,INDO,Colombe inca,,Columbina
Geotrygon chrysia,Key West Quail-Dove,KWQD,Colombe à joues blanches,,Geotrygon
Geotrygon montana,Ruddy Quail-Dove,RUQD,Colombe rouviolette,,Geotrygon
Geotrygon mystacea,Bridled Quail-Dove,BRQD,Colombe à croissants,,Geotrygon
Gymnogyps californianus,California Condor,CALC,Condor de Californie,Y,Gymnogyps
Cathartes aura,Turkey Vulture,TUVU,Urubu à tête rouge,,Cathartes
Coragyps atratus,Black Vulture,BLVU,Urubu noir,,Coragyps
Elanoides forficatus,Swallow-tailed Kite,STKI,Milan à queue fourchue,,Elanoides
Chondrohierax uncinatus,Hook-billed Kite,HBKI,Milan bec-en-croc,,Chondrohierax
Elanus leucurus,White-tailed Kite,WTKI,Élanion à queue blanche,,Elanus
Ictinia mississippiensis,Mississippi Kite,MIKI,Milan du Mississippi,,Ictinia
Rostrhamus sociabilis,Snail Kite,SNKI,Milan des marais,Y,Rostrhamus
Circus hudsonius,Northern Harrier,NOHA,Busard Saint-Martin,,Circus
Accipiter striatus,Sharp-shinned Hawk,SSHA,Épervier brun,,Accipiter
Accipiter striatus venator,Puerto Rican Sharp-shinned Hawk,PSSH,Épervier brun (venator),Y,Accipiter
Accipiter cooperii,Cooper's Hawk,COHA,Épervier de Cooper,,Accipiter
Accipiter atricapillus,American Goshawk,AGOS,Autour d’Amérique,British Columbia,Accipiter
Parabuteo unicinctus,Harris's Hawk,HRSH,Buse de Harris,,Parabuteo
Buteo jamaicensis,Red-tailed Hawk,RTHA,Buse à queue rousse,,Buteo
Buteo jamaicensis harlani,Harlan's Hawk,HRLH,Buse de Harlan,,Buteo
Buteo lineatus,Red-shouldered Hawk,RSHA,Buse à épaulettes,,Buteo
Buteo albonotatus,Zone-tailed Hawk,ZTHA,Buse à queue barrée,,Buteo
Geranoaetus albicaudatus,White-tailed Hawk,WTHA,Buse à queue blanche,,Geranoaetus
Buteo swainsoni,Swainson's Hawk,SWHA,Buse de Swainson,,Buteo
Buteo platypterus,Broad-winged Hawk,BWHA,Petite Buse,,Buteo
Rupornis magnirostris,Roadside Hawk,ROHA,Buse à gros bec,,Rupornis
Buteo platypterus brunnescens,Puerto Rican Broad-winged Hawk,PBWH,Petite Buse (Porto Rico),Y,Buteo
Buteo brachyurus,Short-tailed Hawk,STHA,Buse à queue courte,,Buteo
Buteo solitarius,Hawaiian Hawk,HWHA,Buse d'Hawaï,Y,Buteo
Buteogallus anthracinus,Common Black Hawk,CBHA,Buse noire,,Buteogallus
Buteo plagiatus,Gray Hawk,GRHA,Buse cendrée,,Buteo
Buteo lagopus,Rough-legged Hawk,RLHA,Buse pattue,,Buteo
Buteo regalis,Ferruginous Hawk,FEHA,Buse rouilleuse,Alberta Manitoba Saskatchewan,Buteo
Aquila chrysaetos,Golden Eagle,GOEA,Aigle royal,,Aquila
Haliaeetus leucocephalus,Bald Eagle,BAEA,Pygargue à tête blanche,,Haliaeetus
Falco rusticolus,Gyrfalcon,GYRF,Faucon gerfaut,,Falco
Falco mexicanus,Prairie Falcon,PRFA,Faucon des prairies,,Falco
Falco peregrinus,Peregrine Falcon,PEFA,Faucon pèlerin,,Falco
Falco columbarius,Merlin,MERL,Faucon émerillon,,Falco
Falco femoralis,Aplomado Falcon,APFA,Faucon aplomado,Y,Falco
Falco tinnunculus,Eurasian Kestrel,EUKE,Faucon crécerelle,,Falco
Falco sparverius,American Kestrel,AMKE,Crécerelle d'Amérique,,Falco
Caracara plancus,Crested Caracara,CRCA,Caracara du Nord,,Caracara
Caracara plancus audubonii,Audubon's Crested Caracara,ACCA,,Y,Caracara
Pandion haliaetus,Osprey,OSPR,Balbuzard pêcheur,,Pandion
Tyto furcata,American Barn Owl,ABOW,Effraie d'Amérique,British Columbia Ontario Québec,Tyto
Tyto glaucops,Ashy-faced Owl,AFOW,Effraie d'Hispaniola,,Tyto
Asio otus,Long-eared Owl,LEOW,Hibou moyen-duc,,Asio
Asio flammeus,Short-eared Owl,SEOW,Hibou des marais,,Asio
Strix varia,Barred Owl,BAOW,Chouette rayée,,Strix
Strix occidentalis,Unspecified Spotted Owl,USOW,Chouette tachetée,British Columbia,Strix
Strix occidentalis occidentalis,California Spotted Owl,CSOW,Chouette tachetée (Californie),,Strix
Strix occidentalis caurina,Northern Spotted Owl,NSOW,Chouette tachetée de la sous-espèce caurina,Y,Strix
Strix occidentalis lucida,Mexican Spotted Owl,MSOW,,Y,Strix
Strix nebulosa,Great Gray Owl,GGOW,Chouette lapone,,Strix
Aegolius funereus,Boreal Owl,BOOW,Nyctale de Tengmalm,,Aegolius
Aegolius acadicus,Northern Saw-whet Owl,NSWO,Petite Nyctale,British Columbia,Aegolius
Megascops asio,Eastern Screech-Owl,EASO,Petit-duc maculé,,Megascops
Megascops trichopsis,Whiskered Screech-Owl,WHSO,Petit-duc à moustaches,,Megascops
Megascops kennicottii,Western Screech-Owl,WESO,Petit-duc des montagnes,British Columbia,Megascops
Gymnasio nudipes,Puerto Rican Owl,PURO,Petit-duc de Porto Rico,,Gymnasio
Psiloscops flammeolus,Flammulated Owl,FLOW,Petit-duc nain,,Psiloscops
Bubo virginianus,Great Horned Owl,GHOW,Grand-duc d'Amérique,,Bubo
Bubo scandiacus,Snowy Owl,SNOW,Harfang des neiges,,Bubo
Surnia ulula,Northern Hawk Owl,NHOW,Épervière boréale,,Surnia
Athene cunicularia,Burrowing Owl,BUOW,Chevêche des terriers,Alberta British Columbia Manitoba Saskatchewan,Athene
Glaucidium gnoma,Northern Pygmy-Owl,NOPO,Chevêchette naine,,Glaucidium
Glaucidium brasilianum,Ferruginous Pygmy-Owl,FEPO,Chevêchette brune,Y,Glaucidium
Micrathene whitneyi,Elf Owl,ELOW,Chevêchette des saguaros,,Micrathene
Aratinga nenday,Nanday Parakeet,NAPA,Conure Nanday,,Aratinga
Psittacara chloropterus,Hispaniolan Parakeet,HPKT,Conure maîtresse,,Psittacara
Eupsittula canicularis,Orange-fronted Parakeet,OFPA,Conure à front rouge,,Eupsittula
Eupsittula pertinax,Brown-throated Parakeet,BTPA,Conure cuivrée,,Eupsittula
Vini australis,Blue-crowned Lorikeet,BCLO,Lori fringillaire,,Vini
Psittacara holochlorus,Green Parakeet,GREP,Conure verte,,Psittacara
Psittacara mitratus,Mitred Parakeet,MIPA,Conure mitrée,,Psittacara
Brotogeris versicolurus,White-winged Parakeet,WWPA,Toui à ailes variées,,Brotogeris
Brotogeris chiriri,Yellow-chevroned Parakeet,YCPA,Toui à ailes jaunes,,Brotogeris
Rhynchopsitta pachyrhyncha,Thick-billed Parrot,TBPA,Conure à gros bec,Y,Rhynchopsitta
Psittacula krameri,Rose-ringed Parakeet,RRPA,Perruche à collier,,Psittacula
Agapornis roseicollis,Rosy-faced Lovebird,RFLO,Inséparable rosegorge,,Agapornis
Myiopsitta monachus,Monk Parakeet,MOPA,Conure veuve,,Myiopsitta
Psittacara erythrogenys,Red-masked Parakeet,RMPA,Conure à tête rouge,,Psittacara
Amazona viridigenalis,Red-crowned Parrot,RCPA,Amazone à joues vertes,,Amazona
Amazona ventralis,Hispaniolan Parrot,HPRT,Amazone d'Hispaniola,,Amazona
Amazona vittata,Puerto Rican Parrot,PRPA,Amazone de Porto Rico,Y,Amazona
Amazona amazonica,Orange-winged Amazon,OWAM,Amazona amazonica,,Amazona
Crotophaga ani,Smooth-billed Ani,SBAN,Ani à bec lisse,,Crotophaga
Crotophaga sulcirostris,Groove-billed Ani,GBAN,Ani à bec cannelé,,Crotophaga
Geococcyx californianus,Greater Roadrunner,GRRO,Grand Géocoucou,,Geococcyx
Coccyzus vieilloti,Puerto Rican Lizard-Cuckoo,PRLC,Tacco de Porto Rico,,Coccyzus
Coccyzus minor,Mangrove Cuckoo,MACU,Coulicou manioc,,Coccyzus
Coccyzus americanus,Yellow-billed Cuckoo,YBCU,Coulicou à bec jaune,,Coccyzus
Coccyzus americanus,Western Yellow-billed Cuckoo,WYBC,,Y,Coccyzus
Coccyzus erythropthalmus,Black-billed Cuckoo,BBCU,Coulicou à bec noir,,Coccyzus
Trogon elegans,Elegant Trogon,ELTR,Trogon élégant,,Trogon
Euptilotis neoxenus,Eared Quetzal,EAQU,Quetzal oreillard,,Euptilotis
Megaceryle alcyon,Belted Kingfisher,BEKI,Martin-pêcheur d'Amérique,,Megaceryle
Megaceryle torquata,Ringed Kingfisher,RIKI,Martin-pêcheur à ventre roux,,Megaceryle
Chloroceryle americana,Green Kingfisher,GKIN,Martin-pêcheur vert,,Chloroceryle
Todus mexicanus,Puerto Rican Tody,PRTO,Todier de Porto Rico,,Todus
Campephilus principalis,Ivory-billed Woodpecker,IBWO,Pic à bec ivoire,Y,Campephilus
Dryobates villosus,Hairy Woodpecker,HAWO,Pic chevelu,,Dryobates
Dryobates pubescens,Downy Woodpecker,DOWO,Pic mineur,,Dryobates
Dryobates borealis,Red-cockaded Woodpecker,RCWO,Pic à face blanche,Y,Dryobates
Dryobates scalaris,Ladder-backed Woodpecker,LBWO,Pic arlequin,,Dryobates
Dryobates nuttallii,Nuttall's Woodpecker,NUWO,Pic de Nuttall,,Dryobates
Dryobates arizonae,Arizona Woodpecker,ARWO,Pic de Strickland,,Dryobates
Picoides albolarvatus,White-headed Woodpecker,WHWO,Pic à tête blanche,British Columbia,Picoides
Picoides arcticus,Black-backed Woodpecker,BBWO,Pic à dos noir,,Picoides
Picoides dorsalis,American Three-toed Woodpecker,ATTW,Pic à dos rayé,,Picoides
Sphyrapicus varius,Yellow-bellied Sapsucker,YBSA,Pic maculé,,Sphyrapicus
Sphyrapicus nuchalis,Red-naped Sapsucker,RNSA,Pic à nuque rouge,,Sphyrapicus
Sphyrapicus ruber,Red-breasted Sapsucker,RBSA,Pic à poitrine rouge,,Sphyrapicus
Sphyrapicus thyroideus,Williamson's Sapsucker,WISA,Pic de Williamson,British Columbia,Sphyrapicus
Dryocopus pileatus,Pileated Woodpecker,PIWO,Grand Pic,,Dryocopus
Melanerpes erythrocephalus,Red-headed Woodpecker,RHWO,Pic à tête rouge,Manitoba Ontario Québec Saskatchewan,Melanerpes
Melanerpes formicivorus,Acorn Woodpecker,ACWO,Pic glandivore,,Melanerpes
Melanerpes portoricensis,Puerto Rican Woodpecker,PRWO,Pic de Porto Rico,,Melanerpes
Melanerpes lewis,Lewis's Woodpecker,LEWO,Pic de Lewis,British Columbia,Melanerpes
Melanerpes carolinus,Red-bellied Woodpecker,RBWO,Pic à ventre roux,,Melanerpes
Melanerpes superciliaris,West Indian Woodpecker,WIWO,Pic à sourcils noirs,,Melanerpes
Melanerpes aurifrons,Golden-fronted Woodpecker,GFWO,Pic à front doré,,Melanerpes
Melanerpes uropygialis,Gila Woodpecker,GIWO,Pic des saguaros,,Melanerpes
Colaptes auratus auratus,Yellow-shafted Flicker,YSFL,Pic doré,,Colaptes
Colaptes auratus,Flicker Intergrade,FLIN,Pic intermédiaire,,Colaptes
Colaptes auratus,Unspecified Northern Flicker,UNFL,Pic Colaptes non spécifié,,Colaptes
Colaptes auratus cafer,Red-shafted Flicker,RSFL,Pic rosé,,Colaptes
Colaptes chrysoides,Gilded Flicker,GIFL,Pic chrysoïde,,Colaptes
Antrostomus carolinensis,Chuck-will's-widow,CWWI,Engoulevent de Caroline,,Antrostomus
Antrostomus ridgwayi,Buff-collared Nightjar,BCNI,Engoulevent de Ridgway,,Antrostomus
Antrostomus vociferus,Eastern Whip-poor-will,EWPW,Engoulevent bois-pourri,Manitoba New Brunswick Nova Scotia Ontario Québec Saskatchewan,Antrostomus
Antrostomus noctitherus,Puerto Rican Nightjar,PRNI,Engoulevent de Porto Rico,Y,Antrostomus
Antrostomus arizonae,Mexican Whip-poor-will,MWPW,Engoulevent d'Arizona,,Antrostomus
Phalaenoptilus nuttallii,Common Poorwill,COPO,Engoulevent de Nuttall,,Phalaenoptilus
Nyctidromus albicollis,Common Pauraque,COPA,Engoulevent pauraqué,,Nyctidromus
Chordeiles minor,Common Nighthawk,CONI,Engoulevent d'Amérique,Alberta British Columbia Manitoba New Brunswick Newfoundland and Labrador Nova Scotia Ontario Prince Edward Island Québec Saskatchewan Yukon Territory Northwest Territories Nunavut,Chordeiles
Chordeiles gundlachii,Antillean Nighthawk,ANNI,Engoulevent piramidig,,Chordeiles
Chordeiles acutipennis,Lesser Nighthawk,LENI,Engoulevent minime,,Chordeiles
Cypseloides niger,Black Swift,BLSW,Martinet sombre,Alberta British Columbia,Cypseloides
Chaetura pelagica,Chimney Swift,CHSW,Martinet ramoneur,Manitoba New Brunswick Nova Scotia Ontario Québec Saskatchewan,Chaetura
Chaetura brachyura,Short-tailed Swift,STSW,Martinet polioure,,Chaetura
Chaetura vauxi,Vaux's Swift,VASW,Martinet de Vaux,,Chaetura
Aeronautes saxatalis,White-throated Swift,WTSW,Martinet à gorge blanche,,Aeronautes
Eugenes fulgens,Rivoli's Hummingbird,RIHU,Colibri de Rivoli,,Eugenes
Heliomaster constantii,Plain-capped Starthroat,PCST,Colibri de Constant,,Heliomaster
Lampornis clemenciae,Blue-throated Mountain-gem,BTMG,Colibri à gorge bleue,,Lampornis
Colibri thalassinus,Mexican Violetear,MEVI,Colibri thalassin,,Colibri
Archilochus colubris,Ruby-throated Hummingbird,RTHU,Colibri à gorge rubis,,Archilochus
Archilochus alexandri,Black-chinned Hummingbird,BCHU,Colibri à gorge noire,,Archilochus
Calypte costae,Costa's Hummingbird,COHU,Colibri de Costa,,Calypte
Calypte anna,Anna's Hummingbird,ANHU,Colibri d'Anna,,Calypte
Selasphorus platycercus,Broad-tailed Hummingbird,BTHU,Colibri à queue large,,Selasphorus
Selasphorus rufus,Rufous Hummingbird,RUHU,Colibri roux,,Selasphorus
Selasphorus sasin,Allen's Hummingbird,ALHU,Colibri d'Allen,,Selasphorus
Selasphorus heloisa,Bumblebee Hummingbird,BUHU,Colibri héloïse,,Selasphorus
Selasphorus calliope,Calliope Hummingbird,CAHU,Colibri calliope,,Selasphorus
Anthracothorax mango,Jamaican Mango,JAMA,Mango de la Jamaïque,,Anthracothorax
Anthracothorax viridis,Green Mango,GRMA,Mango vert,,Anthracothorax
Eulampis holosericeus,Green-throated Carib,GTCA,Colibri falle-vert,,Eulampis
Orthorhyncus cristatus,Antillean Crested Hummingbird,ACHU,Colibri huppé,,Orthorhyncus
Anthracothorax prevostii,Green-breasted Mango,GREM,Mango de Prévost,,Anthracothorax
Calothorax lucifer,Lucifer Hummingbird,LUHU,Colibri lucifer,,Calothorax
Nesophlox evelynae,Bahama Woodstar,BAWO,Colibri des Bahamas,,Nesophlox
Amazilia tzacatl,Rufous-tailed Hummingbird,RUFH,Ariane à ventre gris,,Amazilia
Saucerottia beryllina,Berylline Hummingbird,BEHU,Ariane béryl,,Saucerottia
Amazilia yucatanensis,Buff-bellied Hummingbird,BUFH,Ariane du Yucatan,,Amazilia
Ramosomyia violiceps,Violet-crowned Hummingbird,VCHU,Ariane à couronne violette,,Ramosomyia
Basilinna leucotis,White-eared Hummingbird,WEHU,Saphir à oreilles blanches,,Basilinna
Chlorostilbon maugaeus,Puerto Rican Emerald,PREM,Émeraude de Porto Rico,,Chlorostilbon
Cynanthus latirostris,Broad-billed Hummingbird,BBLH,Colibri circé,,Cynanthus
Pachyramphus aglaiae,Rose-throated Becard,RTBE,Bécarde à gorge rose,,Pachyramphus
Tyrannus savana,Fork-tailed Flycatcher,FTFL,Tyran des savanes,,Tyrannus
Tyrannus forficatus,Scissor-tailed Flycatcher,STFL,Tyran à longue queue,,Tyrannus
Tyrannus tyrannus,Eastern Kingbird,EAKI,Tyran tritri,,Tyrannus
Tyrannus dominicensis,Gray Kingbird,GRAK,Tyran gris,,Tyrannus
Tyrannus crassirostris,Thick-billed Kingbird,TBKI,Tyran à bec épais,,Tyrannus
Tyrannus caudifasciatus,Loggerhead Kingbird,LOKI,Tyran tête-police,,Tyrannus
Tyrannus melancholicus,Tropical Kingbird,TRKI,Tyran mélancolique,,Tyrannus
Tyrannus couchii,Couch's Kingbird,COKI,Tyran de Couch,,Tyrannus
Tyrannus verticalis,Western Kingbird,WEKI,Tyran de l'Ouest,,Tyrannus
Tyrannus vociferans,Cassin's Kingbird,CAKI,Tyran de Cassin,,Tyrannus
Pitangus sulphuratus,Great Kiskadee,GKIS,Tyran quiquivi,,Pitangus
Myiodynastes luteiventris,Sulphur-bellied Flycatcher,SBFL,Tyran tigré,,Myiodynastes
Myiarchus crinitus,Great Crested Flycatcher,GCFL,Tyran huppé,,Myiarchus
Myiarchus tyrannulus,Brown-crested Flycatcher,BCFL,Tyran de Wied,,Myiarchus
Myiarchus nuttingi,Nutting's Flycatcher,NUFL,Tyran de Nutting,,Myiarchus
Myiarchus cinerascens,Ash-throated Flycatcher,ATFL,Tyran à gorge cendrée,,Myiarchus
Myiarchus tuberculifer,Dusky-capped Flycatcher,DCFL,Tyran olivâtre,,Myiarchus
Myiarchus sagrae,La Sagra's Flycatcher,LSFL,Tyran de La Sagra,,Myiarchus
Myiarchus antillarum,Puerto Rican Flycatcher,PRFL,Tyran de Porto Rico,,Myiarchus
Myiarchus stolidus,Stolid Flycatcher,STOF,Tyran grosse-tête,,Myiarchus
Myiarchus oberi,Lesser Antillean Flycatcher,LESF,Tyran janeau,,Myiarchus
Sayornis phoebe,Eastern Phoebe,EAPH,Moucherolle phébi,,Sayornis
Sayornis saya,Say's Phoebe,SAPH,Moucherolle à ventre roux,,Sayornis
Sayornis nigricans,Black Phoebe,BLPH,Moucherolle noir,,Sayornis
Contopus cooperi,Olive-sided Flycatcher,OSFL,Moucherolle à côtés olive,Alberta British Columbia Manitoba New Brunswick Newfoundland and Labrador Nova Scotia Ontario Prince Edward Island Québec Saskatchewan Yukon Territory Northwest Territories,Contopus
Contopus pertinax,Greater Pewee,GRPE,Moucherolle de Coues,,Contopus
Contopus virens,Eastern Wood-Pewee,EAWP,Pioui de l'Est,,Contopus
Contopus sordidulus,Western Wood-Pewee,WEWP,Pioui de l'Ouest,,Contopus
Contopus caribaeus,Cuban Pewee,CUPE,Moucherolle tête-fou,,Contopus
Contopus latirostris,Lesser Antillean Pewee,LAPE,Moucherolle gobemouche,,Contopus
Contopus pallidus,Jamaican Pewee,JAPE,Moucherolle de la Jamaïque,,Contopus
Contopus hispaniolensis,Hispaniolan Pewee,HIPE,Moucherolle d'Hispaniola,,Contopus
Empidonax flaviventris,Yellow-bellied Flycatcher,YBFL,Moucherolle à ventre jaune,,Empidonax
Empidonax difficilis,Western Flycatcher,WEFL,Moucherolle de l'Ouest,,Empidonax
Empidonax virescens,Acadian Flycatcher,ACFL,Moucherolle vert,Ontario,Empidonax
Empidonax traillii,Willow Flycatcher,WIFL,Moucherolle des saules,,Empidonax
Empidonax alnorum,Alder Flycatcher,ALFL,Moucherolle des aulnes,,Empidonax
Empidonax traillii extimus,Southwestern Willow Flycatcher,SWFL,Moucherolle des saules forme du Sud-Ouest,Y,Empidonax
Empidonax minimus,Least Flycatcher,LEFL,Moucherolle tchébec,,Empidonax
Empidonax hammondii,Hammond's Flycatcher,HAFL,Moucherolle de Hammond,,Empidonax
Empidonax oberholseri,Dusky Flycatcher,DUFL,Moucherolle sombre,,Empidonax
Empidonax wrightii,Gray Flycatcher,GRFL,Moucherolle gris,,Empidonax
Empidonax fulvifrons,Buff-breasted Flycatcher,BBFL,Moucherolle beige,,Empidonax
Pyrocephalus rubinus,Vermilion Flycatcher,VEFL,Moucherolle vermillon,,Pyrocephalus
Myiopagis viridicata,Greenish Elaenia,GREL,Élénie verdâtre,,Myiopagis
Camptostoma imberbe,Northern Beardless-Tyrannulet,NBTY,Tyranneau imberbe,,Camptostoma
Elaenia martinica,Caribbean Elaenia,CAEL,Élénie siffleuse,,Elaenia
Elaenia parvirostris,Small-billed Elaenia,SBEL,Élénie à bec court,,Elaenia
Alauda arvensis,Eurasian Skylark,EUSK,Alouette des champs,,Alauda
Eremophila alpestris,Horned Lark,HOLA,Alouette hausse-col,British Columbia,Eremophila
Eremophila alpestris strigata,Streaked Horned Lark,SHLA,,Y,Eremophila
Pica hudsonia,Black-billed Magpie,BBMA,Pie d'Amérique,,Pica
Pica nuttalli,Yellow-billed Magpie,YBMA,Pie à bec jaune,,Pica
Cyanocitta cristata,Blue Jay,BLJA,Geai bleu,,Cyanocitta
Cyanocitta stelleri,Steller's Jay,STJA,Geai de Steller,,Cyanocitta
Aphelocoma coerulescens,Florida Scrub-Jay,FLSJ,Geai à gorge blanche,Y,Aphelocoma
Aphelocoma insularis,Island Scrub-Jay,ISSJ,Geai de Santa Cruz,,Aphelocoma
Aphelocoma woodhouseii,Woodhouse's Scrub-Jay,WOSJ,,,Aphelocoma
Aphelocoma californica,California Scrub-Jay,CASJ,,,Aphelocoma
Aphelocoma wollweberi,Mexican Jay,MEJA,Geai du Mexique,,Aphelocoma
Cyanocorax yncas,Green Jay,GRJA,Geai vert,,Cyanocorax
Cyanocorax morio,Brown Jay,BRJA,Geai enfumé,,Cyanocorax
Perisoreus canadensis,Canada Jay,CAJA,Mésangeai du Canada,,Perisoreus
Corvus corax,Common Raven,CORA,Grand Corbeau,,Corvus
Corvus cryptoleucus,Chihuahuan Raven,CHRA,Corbeau à cou blanc,,Corvus
Corvus leucognaphalus,White-necked Crow,WNCR,Corneille d'Hispaniola,Y,Corvus
Corvus brachyrhynchos,American Crow,AMCR,Corneille d'Amérique,,Corvus
Corvus brachyrhynchos caurinus,Northwestern Crow,NOCR,Corneille d'Alaska,,Corvus
Corvus imparatus,Tamaulipas Crow,TACR,Corneille du Mexique,,Corvus
Corvus hawaiiensis,Hawaiian Crow,HCRO,Corneille d'Hawaï,Y,Corvus
Corvus ossifragus,Fish Crow,FICR,Corneille de rivage,,Corvus
Nucifraga columbiana,Clark's Nutcracker,CLNU,Cassenoix d'Amérique,,Nucifraga
Gymnorhinus cyanocephalus,Pinyon Jay,PIJA,Geai des pinèdes,,Gymnorhinus
Sturnus vulgaris,European Starling,EUST,Étourneau sansonnet,,Sturnus
Acridotheres cristatellus,Crested Myna,CRMY,Martin huppé,,Acridotheres
Acridotheres tristis,Common Myna,COMY,Martin triste,,Acridotheres
Acridotheres javanicus,Javan Myna,JAMY,Martin à ventre blanc,,Acridotheres
Gracula religiosa,Hill Myna,HIMY,Mainate religieux,,Gracula
Acridotheres fuscus,Jungle Myna,JUMY,Martin forestier,,Acridotheres
Dolichonyx oryzivorus,Bobolink,BOBO,Goglu des prés,Alberta British Columbia Manitoba New Brunswick Newfoundland and Labrador Nova Scotia Ontario Prince Edward Island Québec Saskatchewan,Dolichonyx
Molothrus ater,Brown-headed Cowbird,BHCO,Vacher à tête brune,,Molothrus
Molothrus aeneus,Bronzed Cowbird,BROC,Vacher bronzé,,Molothrus
Molothrus bonariensis,Shiny Cowbird,SHCO,Vacher luisant,,Molothrus
Xanthocephalus xanthocephalus,Yellow-headed Blackbird,YHBL,Carouge à tête jaune,,Xanthocephalus
Agelaius phoeniceus,Red-winged Blackbird,RWBL,Carouge à épaulettes,,Agelaius
Agelaius tricolor,Tricolored Blackbird,TRBL,Carouge de Californie,,Agelaius
Agelaius humeralis,Tawny-shouldered Blackbird,TSBL,Petit Carouge,,Agelaius
Agelaius xanthomus,Yellow-shouldered Blackbird,YSBL,Carouge de Porto Rico,Y,Agelaius
Sturnella magna,Eastern Meadowlark,EAME,Sturnelle des prés,New Brunswick Nova Scotia Ontario Québec,Sturnella
Sturnella neglecta,Western Meadowlark,WEME,Sturnelle de l'Ouest,,Sturnella
Sturnella lilianae,Chihuahuan Meadowlark,CHME,Sturnelle de Lilian,,Sturnella
Icterus graduacauda,Audubon's Oriole,AUOR,Oriole d'Audubon,,Icterus
Icterus gularis,Altamira Oriole,ALOR,Oriole à gros bec,,Icterus
Icterus pectoralis,Spot-breasted Oriole,SPOO,Oriole maculé,,Icterus
Icterus parisorum,Scott's Oriole,SCOR,Oriole jaune-verdâtre,,Icterus
Icterus wagleri,Black-vented Oriole,BVOR,Oriole cul-noir,,Icterus
Icterus prosthemelas,Black-cowled Oriole,BCOR,Oriole monacal,,Icterus
Icterus melanopsis,Cuban Oriole,CUOR,Oriole de Cuba,,Icterus
Icterus northropi,Bahama Oriole,BAHO,Oriole des Bahamas,,Icterus
Icterus portoricensis,Puerto Rican Oriole,PROR,Oriole de Porto Rico,,Icterus
Icterus dominicensis,Hispaniolan Oriole,HIOR,Oriole d'Hispaniola,,Icterus
Icterus cucullatus,Hooded Oriole,HOOR,Oriole masqué,,Icterus
Icterus pustulatus,Streak-backed Oriole,STRO,Oriole à dos rayé,,Icterus
Icterus spurius,Orchard Oriole,OROR,Oriole des vergers,,Icterus
Icterus galbula,Baltimore Oriole,BAOR,Oriole de Baltimore,,Icterus
Icterus bullockii,Bullock's Oriole,BUOR,Oriole de Bullock,,Icterus
Euphagus carolinus,Rusty Blackbird,RUBL,Quiscale rouilleux,,Euphagus
Euphagus cyanocephalus,Brewer's Blackbird,BRBL,Quiscale de Brewer,,Euphagus
Quiscalus quiscula,Common Grackle,COGR,Quiscale bronzé,,Quiscalus
Quiscalus mexicanus,Great-tailed Grackle,GTGR,Quiscale à longue queue,,Quiscalus
Quiscalus major,Boat-tailed Grackle,BTGR,Quiscale des marais,,Quiscalus
Quiscalus niger,Greater Antillean Grackle,GAGR,Quiscale noir,,Quiscalus
Coccothraustes vespertinus,Evening Grosbeak,EVGR,Gros-bec errant,,Coccothraustes
Fringilla montifringilla,Brambling,BRAM,Pinson du Nord,,Fringilla
Coccothraustes coccothraustes,Hawfinch,HAWF,Gros-bec casse-noyaux,,Coccothraustes
Fringilla coelebs,Common Chaffinch,COCH,Pinson des arbres,,Fringilla
Pinicola enucleator,Pine Grosbeak,PIGR,Durbec des sapins,,Pinicola
Pyrrhula pyrrhula,Eurasian Bullfinch,EUBU,Bouvreuil pivoine,,Pyrrhula
Carpodacus erythrinus,Common Rosefinch,CORO,Roselin cramoisi,,Carpodacus
Haemorhous purpureus,Purple Finch,PUFI,Roselin pourpré,,Haemorhous
Haemorhous cassinii,Cassin's Finch,CAFI,Roselin de Cassin,,Haemorhous
Haemorhous mexicanus,House Finch,HOFI,Roselin familier,,Haemorhous
Loxia curvirostra,Red Crossbill,RECR,Bec-croisé des sapins,Newfoundland and Labrador Québec,Loxia
Loxia sinesciuris,Cassia Crossbill,CACR,,,Loxia
Loxia leucoptera,White-winged Crossbill,WWCR,Bec-croisé bifascié,,Loxia
Leucosticte tephrocotis,Gray-crowned Rosy-Finch,GCRF,Roselin à tête grise,,Leucosticte
Leucosticte atrata,Black Rosy-Finch,BLRF,Roselin noir,,Leucosticte
Leucosticte australis,Brown-capped Rosy-Finch,BCRF,Roselin à tête brune,,Leucosticte
Carduelis carduelis,European Goldfinch,EUGO,Chardonneret élégant,,Carduelis
Chloris sinica,Oriental Greenfinch,ORGR,Verdier de Chine,,Chloris
Acanthis hornemanni,Hoary Redpoll,HORE,Sizerin blanchâtre,,Acanthis
Acanthis flammea,Common Redpoll,CORE,Sizerin flammé,,Acanthis
Spinus tristis,American Goldfinch,AMGO,Chardonneret jaune,,Spinus
Spinus psaltria,Lesser Goldfinch,LEGO,Chardonneret mineur,,Spinus
Spinus lawrencei,Lawrence's Goldfinch,LAGO,Chardonneret gris,,Spinus
Spinus cucullatus,Red Siskin,RESI,Chardonneret rouge,,Spinus
Spinus pinus,Pine Siskin,PISI,Tarin des pins,,Spinus
Serinus canaria,Common Canary,COCA,Serin des Canaries,,Serinus
Crithagra mozambica,Yellow-fronted Canary,YFCA,Serin du Mozambique,,Crithagra
Plectrophenax nivalis,Snow Bunting,SNBU,Plectrophane des neiges,,Plectrophenax
Plectrophenax hyperboreus,McKay's Bunting,MKBU,Plectrophane blanc,,Plectrophenax
Emberiza rustica,Rustic Bunting,RUBU,Bruant rustique,,Emberiza
Emberiza pusilla,Little Bunting,LIBU,Bruant nain,,Emberiza
Emberiza variabilis,Gray Bunting,GRBU,Bruant gris,,Emberiza
Emberiza pallasi,Pallas's Bunting,PALB,Bruant de Pallas,,Emberiza
Emberiza schoeniclus,Reed Bunting,REBU,Bruant des roseaux,,Emberiza
Calcarius lapponicus,Lapland Longspur,LALO,Plectrophane lapon,,Calcarius
Calcarius pictus,Smith's Longspur,SMLO,Plectrophane de Smith,,Calcarius
Calcarius ornatus,Chestnut-collared Longspur,CCLO,Plectrophane à ventre noir,Alberta Manitoba Saskatchewan,Calcarius
Rhynchophanes mccownii,Thick-billed Longspur,TBLO,Plectrophane à ventre gris,Alberta Saskatchewan,Rhynchophanes
Pooecetes gramineus,Vesper Sparrow,VESP,Bruant vespéral,British Columbia,Pooecetes
Passerculus sandwichensis princeps,Ipswich Sparrow,IPSP,Bruant d’Ipswich,,Passerculus
Passerculus sandwichensis,Savannah Sparrow,SAVS,Bruant des prés,,Passerculus
Passerculus sandwichensis beldingi,Belding's Savannah Sparrow,BSSP,Bruant des prés (Belding),,Passerculus
Passerculus sandwichensis rostratus,Large-billed Sparrow,LBSP,Bruant du Sonora,,Passerculus
Centronyx bairdii,Baird's Sparrow,BAIS,Bruant de Baird,,Centronyx
Ammodramus savannarum,Grasshopper Sparrow,GRSP,Bruant sauterelle,,Ammodramus
Ammodramus savannarum floridanus,Florida Grasshopper Sparrow,FGSP,Bruant sauterelle forme de la Floride,Y,Ammodramus
Centronyx henslowii,Henslow's Sparrow,HESP,Bruant de Henslow,Ontario Québec,Centronyx
Ammospiza leconteii,LeConte's Sparrow,LCSP,Bruant de Le Conte,,Ammospiza
Ammospiza caudacuta,Saltmarsh Sparrow,SALS,Bruant à queue aiguë,,Ammospiza
Ammospiza nelsoni,Nelson's Sparrow,NESP,Bruant de Nelson,,Ammospiza
Ammospiza maritima,Seaside Sparrow,SESP,Bruant maritime,,Ammospiza
Ammodramus maritima nigrescens,Dusky Seaside Sparrow,DSSP,Bruant à dos noirâtre,,Ammodramus
Ammodramus maritimus mirabilis,Cape Sable Seaside Sparrow,CSSS,Bruant de Cape Sable,Y,Ammodramus
Chondestes grammacus,Lark Sparrow,LASP,Bruant à joues marron,,Chondestes
Zonotrichia querula,Harris's Sparrow,HASP,Bruant à face noire,,Zonotrichia
Zonotrichia leucophrys,Unspecified White-crowned Sparrow,UWCS,Bruant à couronne blanche non-identifié,,Zonotrichia
Zonotrichia leucophrys leucophrys,Eastern White-crowned Sparrow,EWCS,Bruant à couronne blanche (race de l'est),,Zonotrichia
Zonotrichia leucophrys oriantha,Mountain White-crowned Sparrow,MWCS,Bruant à couronne blanche (race de montagne),,Zonotrichia
Zonotrichia leucophrys pugetensis,Puget Sound White-crowned Sparrow,PSWS,Bruant à couronne blanche (race de Puget Sound),,Zonotrichia
Zonotrichia leucophrys gambelii,Gambel's White-crowned Sparrow,GWCS,Bruant à couronne blanche (race de Gambel),,Zonotrichia
Zonotrichia leucophrys nuttalli,Nuttall's White-crowned Sparrow,NWCS,Bruant à couronne blanche (race de Nuttall),,Zonotrichia
Zonotrichia atricapilla,Golden-crowned Sparrow,GCSP,Bruant à couronne dorée,,Zonotrichia
Zonotrichia albicollis,White-throated Sparrow,WTSP,Bruant à gorge blanche,,Zonotrichia
Zonotrichia capensis,Rufous-collared Sparrow,RUFS,Bruant chingolo,,Zonotrichia
Spizelloides arborea,American Tree Sparrow,ATSP,Bruant hudsonien,,Spizelloides
Spizella passerina,Chipping Sparrow,CHSP,Bruant familier,,Spizella
Spizella pallida,Clay-colored Sparrow,CCSP,Bruant des plaines,,Spizella
Spizella breweri,Brewer's Sparrow,BRSP,Bruant de Brewer,,Spizella
Spizella pusilla,Field Sparrow,FISP,Bruant des champs,,Spizella
Spizella wortheni,Worthen's Sparrow,WOSP,Bruant de Worthen,,Spizella
Spizella atrogularis,Black-chinned Sparrow,BCSP,Bruant à menton noir,,Spizella
Junco hyemalis aikeni,White-winged Junco,WWJU,Junco ardoisé à ailes blanches,,Junco
Junco hyemalis hyemalis,Slate-colored Junco,SCJU,Junco ardoisé,,Junco
Junco hyemalis oreganus,Oregon Junco,ORJU,Junco ardoisé à dos roux,,Junco
Junco hyemalis mearnsi,Pink-sided Junco,PSJU,Junco à flancs rosés,,Junco
Junco hyemalis,Unspecified Dark-eyed Junco,UDEJ,Junco ardoisé non identifié,,Junco
Junco hyemalis caniceps,Gray-headed Junco,GHJU,Junco ardoisé à tête grise,,Junco
Junco phaeonotus,Yellow-eyed Junco,YEJU,Junco aux yeux jaunes,,Junco
Amphispiza bilineata,Black-throated Sparrow,BTSP,Bruant à gorge noire,,Amphispiza
Artemisiospiza belli belli,San Clemente Bell's Sparrow,SCBS,,Y,Artemisiospiza
Amphispizopsis quinquestriata,Five-striped Sparrow,FSSP,Bruant pentaligne,,Amphispizopsis
Artemisiospiza nevadensis,Sagebrush Sparrow,SBSP,Bruant des armoises,,Artemisiospiza
Artemisiospiza belli,Bell's Sparrow,BESP,Bruant de Bell,,Artemisiospiza
Peucaea aestivalis,Bachman's Sparrow,BACS,Bruant des pinèdes,,Peucaea
Peucaea botterii,Botteri's Sparrow,BOSP,Bruant de Botteri,,Peucaea
Peucaea cassinii,Cassin's Sparrow,CASP,Bruant de Cassin,,Peucaea
Peucaea carpalis,Rufous-winged Sparrow,RWSP,Bruant à épaulettes,,Peucaea
Aimophila ruficeps,Rufous-crowned Sparrow,RCSP,Tohi à calotte fauve,,Aimophila
Melospiza melodia,Song Sparrow,SOSP,Bruant chanteur,,Melospiza
Melospiza lincolnii,Lincoln's Sparrow,LISP,Bruant de Lincoln,,Melospiza
Melospiza georgiana,Swamp Sparrow,SWSP,Bruant des marais,,Melospiza
Passerella iliaca,Fox Sparrow,FOSP,Bruant fauve,,Passerella
Arremonops rufivirgatus,Olive Sparrow,OLSP,Tohi olive,,Arremonops
Sicalis flaveola,Saffron Finch,SAFI,Sicale bouton-d'or,,Sicalis
Pipilo erythrophthalmus,Eastern Towhee,EATO,Tohi à flancs roux,,Pipilo
Pipilo maculatus,Spotted Towhee,SPTO,Tohi tacheté,,Pipilo
Pipilo chlorurus,Green-tailed Towhee,GTTO,Tohi à queue verte,,Pipilo
Melozone fusca,Canyon Towhee,CANT,Tohi des canyons,,Melozone
Melozone crissalis,California Towhee,CALT,Tohi de Californie,,Melozone
Melozone crissalis eremophilus,Inyo California Towhee,ICTO,Tohi de Californie (eremophilus),Y,Melozone
Melozone aberti,Abert's Towhee,ABTO,Tohi d'Abert,,Melozone
Paroaria coronata,Red-crested Cardinal,RCCA,Paroare huppé,,Paroaria
Paroaria capitata,Yellow-billed Cardinal,YBCA,Paroare à bec jaune,,Paroaria
Cardinalis cardinalis,Northern Cardinal,NOCA,Cardinal rouge,,Cardinalis
Cardinalis sinuatus,Pyrrhuloxia,PYRR,Cardinal pyrrhuloxia,,Cardinalis
Pheucticus ludovicianus,Rose-breasted Grosbeak,RBGR,Cardinal à poitrine rose,,Pheucticus
Pheucticus melanocephalus,Black-headed Grosbeak,BHGR,Cardinal à tête noire,,Pheucticus
Pheucticus chrysopeplus,Yellow Grosbeak,YEGR,Cardinal jaune,,Pheucticus
Passerina caerulea,Blue Grosbeak,BLGR,Guiraca bleu,,Passerina
Cyanocompsa parellina,Blue Bunting,BLBU,Évêque paré,,Cyanocompsa
Passerina cyanea,Indigo Bunting,INBU,Passerin indigo,,Passerina
Passerina amoena,Lazuli Bunting,LAZB,Passerin azuré,,Passerina
Passerina versicolor,Varied Bunting,VABU,Passerin varié,,Passerina
Passerina ciris,Painted Bunting,PABU,Passerin nonpareil,,Passerina
Melopyrrha portoricensis,Puerto Rican Bullfinch,PUEB,Sporophile de Porto Rico,,Melopyrrha
Loxigilla noctis,Lesser Antillean Bullfinch,LESB,Sporophile rougegorge,,Loxigilla
Sporophila morelleti,Morelet's Seedeater,MOSE,Sporophile de Morelet,,Sporophila
Sporophila torqueola,Cinnamon-rumped Seedeater,CRSE,Sporophile à col blanc,,Sporophila
Melanospiza bicolor,Black-faced Grassquit,BFGR,Sporophile cici,,Melanospiza
Phonipara canora,Cuban Grassquit,CUGR,Sporophile petit-chanteur,,Phonipara
Tiaris olivaceus,Yellow-faced Grassquit,YFGR,Sporophile grand-chanteur,,Tiaris
Spiza americana,Dickcissel,DICK,Dickcissel d'Amérique,,Spiza
Calamospiza melanocorys,Lark Bunting,LARB,Bruant noir et blanc,Alberta Manitoba Saskatchewan,Calamospiza
Chlorophonia musica,Antillean Euphonia,ANEU,Organiste louis-d'or,,Chlorophonia
Piranga ludoviciana,Western Tanager,WETA,Piranga à tête rouge,,Piranga
Piranga bidentata,Flame-colored Tanager,FCTA,Piranga à dos rayé,,Piranga
Piranga olivacea,Scarlet Tanager,SCTA,Piranga écarlate,,Piranga
Piranga flava,Hepatic Tanager,HETA,Piranga orangé,,Piranga
Piranga rubra,Summer Tanager,SUTA,Piranga vermillon,,Piranga
Spindalis zena,Western Spindalis,WESP,Zéna à tête rayée,,Spindalis
Nesospingus speculiferus,Puerto Rican Tanager,PRTA,Tangara de Porto Rico,,Nesospingus
Spindalis dominicensis,Hispaniolan Spindalis,HISP,,,Spindalis
Spindalis portoricensis,Puerto Rican Spindalis,PRSP,,,Spindalis
Spindalis nigricephala,Jamaican Spindalis,JAMS,,,Spindalis
Progne subis,Purple Martin,PUMA,Hirondelle noire,,Progne
Progne chalybea,Gray-breasted Martin,GBMA,Hirondelle chalybée,,Progne
Progne dominicensis,Caribbean Martin,CAMA,Hirondelle à ventre blanc,,Progne
Petrochelidon pyrrhonota,Cliff Swallow,CLSW,Hirondelle à front blanc,,Petrochelidon
Petrochelidon fulva,Cave Swallow,CASW,Hirondelle à front brun,,Petrochelidon
Hirundo rustica,Barn Swallow,BARS,Hirondelle rustique,Alberta British Columbia Manitoba New Brunswick Newfoundland and Labrador Nova Scotia Ontario Prince Edward Island Québec Saskatchewan Yukon Territory Northwest Territories,Hirundo
Tachycineta bicolor,Tree Swallow,TRES,Hirondelle bicolore,,Tachycineta
Tachycineta thalassina,Violet-green Swallow,VGSW,Hirondelle à face blanche,,Tachycineta
Tachycineta cyaneoviridis,Bahama Swallow,BAHS,Hirondelle des Bahamas,,Tachycineta
Riparia riparia,Bank Swallow,BANS,Hirondelle de rivage,Alberta British Columbia Manitoba New Brunswick Newfoundland and Labrador Nova Scotia Ontario Prince Edward Island Québec Saskatchewan Yukon Territory Northwest Territories,Riparia
Stelgidopteryx serripennis,Northern Rough-winged Swallow,NRWS,Hirondelle à ailes hérissées,,Stelgidopteryx
Bombycilla garrulus,Bohemian Waxwing,BOWA,Jaseur boréal,,Bombycilla
Bombycilla cedrorum,Cedar Waxwing,CEDW,Jaseur d'Amérique,,Bombycilla
Phainopepla nitens,Phainopepla,PHAI,Phénopèple luisant,,Phainopepla
Lanius borealis,Northern Shrike,NSHR,Pie-grièche grise,,Lanius
Lanius cristatus,Brown Shrike,BRSH,Pie-grièche brune,,Lanius
Lanius ludovicianus,Loggerhead Shrike,LOSH,Pie-grièche migratrice,Alberta Manitoba Ontario Québec Saskatchewan,Lanius
Moho braccatus,Kauai Oo,KAOO,Moho de Kauai,Y,Moho
Moho bishopi,Bishop's Oo,BIOO,Moho de Bishop,Y,Moho
Zosterops japonicus,Warbling White-eye,WAWE,Zostérops du Japon,,Zosterops
Lanius ludovicianus mearnsi,San Clemente Loggerhead Shrike,SLSH,Pie-grièche migratrice (mearnsi),Y,Lanius
Vireo altiloquus,Black-whiskered Vireo,BWVI,Viréo à moustaches,,Vireo
Vireo olivaceus,Red-eyed Vireo,REVI,Viréo aux yeux rouges,,Vireo
Vireo flavoviridis,Yellow-green Vireo,YGVI,Viréo jaune-verdâtre,,Vireo
Vireo philadelphicus,Philadelphia Vireo,PHVI,Viréo de Philadelphie,,Vireo
Vireo gilvus,Warbling Vireo,WAVI,Viréo mélodieux,,Vireo
Vireo flavifrons,Yellow-throated Vireo,YTVI,Viréo à gorge jaune,,Vireo
Vireo solitarius,Blue-headed Vireo,BHVI,Viréo à tête bleue,,Vireo
Vireo plumbeus,Plumbeous Vireo,PLVI,Viréo plombé,,Vireo
Vireo cassinii,Cassin's Vireo,CAVI,Viréo de Cassin,,Vireo
Vireo atricapilla,Black-capped Vireo,BCVI,Viréo à tête noire,,Vireo
Vireo griseus,White-eyed Vireo,WEVI,Viréo aux yeux blancs,,Vireo
Vireo huttoni,Hutton's Vireo,HUVI,Viréo de Hutton,,Vireo
Vireo bellii,Bell's Vireo,BEVI,Viréo de Bell,,Vireo
Vireo latimeri,Puerto Rican Vireo,PRVI,Viréo de Porto Rico,,Vireo
Vireo bellii pusillus,Least Bell's Vireo,LBVI,Viréo de Bell (forme minime),Y,Vireo
Vireo vicinior,Gray Vireo,GRVI,Viréo gris,,Vireo
Coereba flaveola,Bananaquit,BANA,Sucrier à ventre jaune,,Coereba
Mniotilta varia,Black-and-white Warbler,BAWW,Paruline noir et blanc,,Mniotilta
Protonotaria citrea,Prothonotary Warbler,PROW,Paruline orangée,Ontario,Protonotaria
Limnothlypis swainsonii,Swainson's Warbler,SWWA,Paruline de Swainson,,Limnothlypis
Oreothlypis superciliosa,Crescent-chested Warbler,CCWA,Paruline à croissant,,Oreothlypis
Helmitheros vermivorum,Worm-eating Warbler,WEWA,Paruline vermivore,,Helmitheros
Vermivora cyanoptera,Blue-winged Warbler,BWWA,Paruline à ailes bleues,,Vermivora
Vermivora chrysoptera,Golden-winged Warbler,GWWA,Paruline à ailes dorées,Manitoba Ontario Québec,Vermivora
Leiothlypis luciae,Lucy's Warbler,LUWA,Paruline de Lucy,,Leiothlypis
Leiothlypis virginiae,Virginia's Warbler,VIWA,Paruline de Virginia,,Leiothlypis
Leiothlypis ruficapilla,Nashville Warbler,NAWA,Paruline à joues grises,,Leiothlypis
Leiothlypis celata,Orange-crowned Warbler,OCWA,Paruline verdâtre,,Leiothlypis
Leiothlypis peregrina,Tennessee Warbler,TEWA,Paruline obscure,,Leiothlypis
Leiothlypis crissalis,Colima Warbler,COLW,Paruline de Colima,,Leiothlypis
Setophaga americana,Northern Parula,NOPA,Paruline à collier,,Setophaga
Setophaga pitiayumi,Tropical Parula,TRPA,Paruline à joues noires,,Setophaga
Setophaga tigrina,Cape May Warbler,CMWA,Paruline tigrée,,Setophaga
Peucedramus taeniatus,Olive Warbler,OLWA,Fauvine des pins,,Peucedramus
Setophaga petechia,Yellow Warbler,YEWA,Paruline jaune,,Setophaga
Setophaga caerulescens,Black-throated Blue Warbler,BTBW,Paruline bleue,,Setophaga
Setophaga coronata coronata,Myrtle Warbler,MYWA,Paruline à croupion jaune,,Setophaga
Setophaga coronata,Unspecified Yellow-rumped Warbler,UYRW,Paruline à croupion jaune non identifiée,,Setophaga
Setophaga coronata auduboni,Audubon's Warbler,AUWA,Paruline à croupion jaune de l'ouest,,Setophaga
Setophaga magnolia,Magnolia Warbler,MAWA,Paruline à tête cendrée,,Setophaga
Setophaga cerulea,Cerulean Warbler,CERW,Paruline azurée,Ontario Québec,Setophaga
Setophaga angelae,Elfin-woods Warbler,EWWA,Paruline d'Angela,,Setophaga
Setophaga pensylvanica,Chestnut-sided Warbler,CSWA,Paruline à flancs marron,,Setophaga
Setophaga castanea,Bay-breasted Warbler,BBWA,Paruline à poitrine baie,,Setophaga
Setophaga striata,Blackpoll Warbler,BLPW,Paruline rayée,,Setophaga
Setophaga fusca,Blackburnian Warbler,BLBW,Paruline à gorge orangée,,Setophaga
Setophaga dominica,Yellow-throated Warbler,YTWA,Paruline à gorge jaune,,Setophaga
Setophaga graciae,Grace's Warbler,GRWA,Paruline de Grace,,Setophaga
Setophaga adelaidae,Adelaide's Warbler,ADWA,Paruline d'Adélaïde,,Setophaga
Setophaga subita,Barbuda Warbler,BARW,Paruline de Barbuda,,Setophaga
Setophaga delicata,St. Lucia Warbler,SLWA,Paruline de Sainte-Lucie,,Setophaga
Setophaga nigrescens,Black-throated Gray Warbler,BTYW,Paruline grise,,Setophaga
Setophaga chrysoparia,Golden-cheeked Warbler,GCWA,Paruline à dos noir,Y,Setophaga
Setophaga virens,Black-throated Green Warbler,BTNW,Paruline à gorge noire,,Setophaga
Setophaga townsendi,Townsend's Warbler,TOWA,Paruline de Townsend,,Setophaga
Setophaga occidentalis,Hermit Warbler,HEWA,Paruline à tête jaune,,Setophaga
Setophaga kirtlandii,Kirtland's Warbler,KIWA,Paruline de Kirtland,,Setophaga
Setophaga pinus,Pine Warbler,PIWA,Paruline des pins,,Setophaga
Setophaga palmarum palmarum,Western Palm Warbler,WPWA,Paruline à couronne rousse de l'ouest,,Setophaga
Setophaga palmarum,Unspecified Palm Warbler,UPWA,Paruline à couronne rousse non spécifié,,Setophaga
Setophaga palmarum hypochrysea,Yellow Palm Warbler,YPWA,Paruline à couronne rousse,,Setophaga
Setophaga discolor,Prairie Warbler,PRAW,Paruline des prés,,Setophaga
Seiurus aurocapilla,Ovenbird,OVEN,Paruline couronnée,,Seiurus
Parkesia noveboracensis,Northern Waterthrush,NOWA,Paruline des ruisseaux,,Parkesia
Parkesia motacilla,Louisiana Waterthrush,LOWA,Paruline hochequeue,Ontario Québec,Parkesia
Geothlypis formosa,Kentucky Warbler,KEWA,Paruline du Kentucky,,Geothlypis
Oporornis agilis,Connecticut Warbler,CONW,Paruline à gorge grise,,Oporornis
Geothlypis philadelphia,Mourning Warbler,MOWA,Paruline triste,,Geothlypis
Geothlypis tolmiei,MacGillivray's Warbler,MGWA,Paruline des buissons,,Geothlypis
Geothlypis trichas,Common Yellowthroat,COYE,Paruline masquée,,Geothlypis
Geothlypis poliocephala,Gray-crowned Yellowthroat,GCYE,Paruline à calotte grise,,Geothlypis
Icteria virens,Yellow-breasted Chat,YBCH,Paruline polyglotte,British Columbia Ontario,Icteria
Setophaga citrina,Hooded Warbler,HOWA,Paruline à capuchon,,Setophaga
Cardellina pusilla,Wilson's Warbler,WIWA,Paruline à calotte noire,,Cardellina
Cardellina canadensis,Canada Warbler,CAWA,Paruline du Canada,Alberta British Columbia Manitoba New Brunswick Nova Scotia Ontario Prince Edward Island Québec Saskatchewan Yukon Territory Northwest Territories,Cardellina
Setophaga ruticilla,American Redstart,AMRE,Paruline flamboyante,,Setophaga
Myioborus pictus,Painted Redstart,PARE,Paruline à ailes blanches,,Myioborus
Basileuterus lachrymosus,Fan-tailed Warbler,FTWA,Paruline des rochers,,Basileuterus
Passer domesticus,House Sparrow,HOSP,Moineau domestique,,Passer
Passer montanus,Eurasian Tree Sparrow,ETSP,Moineau friquet,,Passer
Myioborus miniatus,Slate-throated Redstart,SLAR,Paruline ardoisée,,Myioborus
Cardellina rubrifrons,Red-faced Warbler,RFWA,Paruline à face rouge,,Cardellina
Basileuterus culicivorus,Golden-crowned Warbler,GOLW,Paruline à couronne dorée,,Basileuterus
Basileuterus rufifrons,Rufous-capped Warbler,RCWA,Paruline à calotte rousse,,Basileuterus
Motacilla alba,White Wagtail,WHWA,Bergeronnette grise,,Motacilla
Motacilla alba lugens,Black-backed Wagtail,BWAG,Bergeronnette lugubre,,Motacilla
Motacilla tschutschensis,Eastern Yellow Wagtail,EYWA,Bergeronnette de Béringie,,Motacilla
Motacilla cinerea,Gray Wagtail,GRAW,Bergeronnette des ruisseaux,,Motacilla
Anthus rubescens,American Pipit,AMPI,Pipit d'Amérique,,Anthus
Anthus gustavi,Pechora Pipit,PEPI,Pipit de la Petchora,,Anthus
Anthus hodgsoni,Olive-backed Pipit,OBPI,Pipit à dos olive,,Anthus
Anthus cervinus,Red-throated Pipit,RTPI,Pipit à gorge rousse,,Anthus
Anthus spragueii,Sprague's Pipit,SPPI,Pipit de Sprague,Alberta Manitoba Saskatchewan,Anthus
Cinclus mexicanus,American Dipper,AMDI,Cincle d'Amérique,,Cinclus
Oreoscoptes montanus,Sage Thrasher,SATH,Moqueur des armoises,Alberta British Columbia Saskatchewan,Oreoscoptes
Mimus polyglottos,Northern Mockingbird,NOMO,Moqueur polyglotte,,Mimus
Mimus gundlachii,Bahama Mockingbird,BAMO,Moqueur des Bahamas,,Mimus
Mimus gilvus,Tropical Mockingbird,TRMO,Moqueur des savanes,,Mimus
Dumetella carolinensis,Gray Catbird,GRCA,Moqueur chat,,Dumetella
Toxostoma rufum,Brown Thrasher,BRTH,Moqueur roux,,Toxostoma
Toxostoma longirostre,Long-billed Thrasher,LBTH,Moqueur à long bec,,Toxostoma
Toxostoma curvirostre,Curve-billed Thrasher,CBTH,Moqueur à bec courbe,,Toxostoma
Toxostoma bendirei,Bendire's Thrasher,BETH,Moqueur de Bendire,,Toxostoma
Toxostoma redivivum,California Thrasher,CATH,Moqueur de Californie,,Toxostoma
Toxostoma lecontei,LeConte's Thrasher,LCTH,Moqueur de Le Conte,,Toxostoma
Margarops fuscatus,Pearly-eyed Thrasher,PETH,Moqueur corossol,,Margarops
Toxostoma crissale,Crissal Thrasher,CRTH,Moqueur cul-roux,,Toxostoma
Melanotis caerulescens,Blue Mockingbird,BLMO,Moqueur bleu,,Melanotis
Campylorhynchus brunneicapillus,Cactus Wren,CACW,Troglodyte des cactus,,Campylorhynchus
Thryophilus sinaloa,Sinaloa Wren,SIWR,Troglodyte du Sinaloa,,Thryophilus
Salpinctes obsoletus,Rock Wren,ROWR,Troglodyte des rochers,,Salpinctes
Catherpes mexicanus,Canyon Wren,CANW,Troglodyte des canyons,,Catherpes
Thryothorus ludovicianus,Carolina Wren,CARW,Troglodyte de Caroline,,Thryothorus
Thryomanes bewickii,Bewick's Wren,BEWR,Troglodyte de Bewick,,Thryomanes
Troglodytes aedon,Northern House Wren,NHWR,,,Troglodytes
Troglodytes hiemalis,Winter Wren,WIWR,Troglodyte des forêts,,Troglodytes
Troglodytes pacificus,Pacific Wren,PAWR,Troglodyte de Baird,,Troglodytes
Cistothorus stellaris,Sedge Wren,SEWR,Troglodyte à bec court,,Cistothorus
Cistothorus palustris,Marsh Wren,MAWR,Troglodyte des marais,,Cistothorus
Certhia americana,Brown Creeper,BRCR,Grimpereau brun,,Certhia
Pycnonotus jocosus,Red-whiskered Bulbul,RWBU,Bulbul orphée,,Pycnonotus
Pycnonotus cafer,Red-vented Bulbul,RVBU,Bulbul à ventre rouge,,Pycnonotus
Sitta carolinensis,White-breasted Nuthatch,WBNU,Sittelle à poitrine blanche,,Sitta
Sitta canadensis,Red-breasted Nuthatch,RBNU,Sittelle à poitrine rousse,,Sitta
Sitta pusilla,Brown-headed Nuthatch,BHNU,Sittelle à tête brune,,Sitta
Sitta pygmaea,Pygmy Nuthatch,PYNU,Sittelle pygmée,,Sitta
Baeolophus bicolor,Tufted Titmouse,TUTI,Mésange bicolore,,Baeolophus
Baeolophus atricristatus,Black-crested Titmouse,BCTI,Mésange à plumet noir,,Baeolophus
Baeolophus inornatus,Oak Titmouse,OATI,Mésange unicolore,,Baeolophus
Baeolophus ridgwayi,Juniper Titmouse,JUTI,Mésange des genévriers,,Baeolophus
Baeolophus wollweberi,Bridled Titmouse,BRTI,Mésange arlequin,,Baeolophus
Sittiparus varius,Varied Tit,VATI,Mésange variée,,Sittiparus
Poecile atricapillus,Black-capped Chickadee,BCCH,Mésange à tête noire,,Poecile
Poecile carolinensis,Carolina Chickadee,CACH,Mésange de Caroline,,Poecile
Poecile sclateri,Mexican Chickadee,MECH,Mésange grise,,Poecile
Poecile gambeli,Mountain Chickadee,MOCH,Mésange de Gambel,,Poecile
Poecile cinctus,Gray-headed Chickadee,GHCH,Mésange lapone,,Poecile
Poecile hudsonicus,Boreal Chickadee,BOCH,Mésange à tête brune,,Poecile
Poecile rufescens,Chestnut-backed Chickadee,CBCH,Mésange à dos marron,,Poecile
Chamaea fasciata,Wrentit,WREN,Cama brune,,Chamaea
Leiothrix lutea,Red-billed Leiothrix,RBLE,Léiothrix jaune,,Leiothrix
Garrulax canorus,Hwamei,HWAM,Garrulaxe hoamy,,Garrulax
Garrulax pectoralis,Greater Necklaced Laughingthrush,GNLA,Garrulaxe à plastron,,Garrulax
Catharus aurantiirostris,Orange-billed Nightingale-Thrush,OBNT,Grive à bec orange,,Catharus
Psaltriparus minimus,Bushtit,BUSH,Mésange buissonnière,,Psaltriparus
Auriparus flaviceps,Verdin,VERD,Auripare verdin,,Auriparus
Horornis diphone,Japanese Bush Warbler,JABW,Bouscarle chanteuse,,Horornis
Acrocephalus familiaris,Millerbird,MILL,Rousserolle obscure,Y,Acrocephalus
Phylloscopus borealis,Arctic Warbler,ARWA,Pouillot boréal,,Phylloscopus
Locustella ochotensis,Middendorff's Grasshopper-Warbler,MIGW,Locustelle de Middendorff,,Locustella
Phylloscopus sibilatrix,Wood Warbler,WOWA,Pouillot siffleur,,Phylloscopus
Phylloscopus fuscatus,Dusky Warbler,DUWA,Pouillot brun,,Phylloscopus
Locustella lanceolata,Lanceolated Warbler,LANW,Locustelle lancéolée,,Locustella
Regulus satrapa,Golden-crowned Kinglet,GCKI,Roitelet à couronne dorée,,Regulus
Corthylio calendula,Ruby-crowned Kinglet,RCKI,Roitelet à couronne rubis,,Corthylio
Prunella montanella,Siberian Accentor,SIAC,Accenteur montanelle,,Prunella
Polioptila caerulea,Blue-gray Gnatcatcher,BGGN,Gobemoucheron gris-bleu,,Polioptila
Polioptila melanura,Black-tailed Gnatcatcher,BTGN,Gobemoucheron à queue noire,,Polioptila
Polioptila californica,California Gnatcatcher,CAGN,Gobemoucheron de Californie,Y,Polioptila
Polioptila nigriceps,Black-capped Gnatcatcher,BCGN,Gobemoucheron à coiffe noire,,Polioptila
Polioptila californica,Baja Gnatcatcher,BACG,,,Polioptila
Myadestes townsendi,Townsend's Solitaire,TOSO,Solitaire de Townsend,,Myadestes
Myadestes obscurus,Omao,OMAO,Solitaire d'Hawaï,,Myadestes
Myadestes palmeri,Puaiohi,PUAI,Solitaire puaïohi,Y,Myadestes
Myadestes myadestinus,Kamao,KAMA,Solitaire kamao,Y,Myadestes
Myadestes lanaiensis,Olomao,OLOM,Solitaire de Lanai,Y,Myadestes
Hylocichla mustelina,Wood Thrush,WOTH,Grive des bois,New Brunswick Nova Scotia Ontario Québec,Hylocichla
Catharus fuscescens,Veery,VEER,Grive fauve,,Catharus
Catharus minimus,Gray-cheeked Thrush,GCTH,Grive à joues grises,,Catharus
Catharus bicknelli,Bicknell's Thrush,BITH,Grive de Bicknell,New Brunswick Nova Scotia Québec,Catharus
Catharus ustulatus,Swainson's Thrush,SWTH,Grive à dos olive,,Catharus
Catharus guttatus,Hermit Thrush,HETH,Grive solitaire,,Catharus
Turdus iliacus,Redwing,REDW,Grive mauvis,,Turdus
Turdus migratorius,American Robin,AMRO,Merle d'Amérique,,Turdus
Turdus pilaris,Fieldfare,FIEL,Grive litorne,,Turdus
Turdus obscurus,Eyebrowed Thrush,EYTH,Merle obscur,,Turdus
Turdus eunomus,Dusky Thrush,DUTH,Grive de Naumann,,Turdus
Turdus grayi,Clay-colored Thrush,CCTH,Merle fauve,,Turdus
Turdus rufopalliatus,Rufous-backed Robin,RBRO,Merle à dos roux,,Turdus
Turdus plumbeus,Red-legged Thrush,RLTH,Merle vantard,,Turdus
Ixoreus naevius,Varied Thrush,VATH,Grive à collier,,Ixoreus
Ridgwayia pinicola,Aztec Thrush,AZTH,Grive aztèque,,Ridgwayia
Cyanecula svecica,Bluethroat,BLUE,Gorgebleue à miroir,,Cyanecula
Calliope calliope,Siberian Rubythroat,SIRU,Rossignol calliope,,Calliope
Tarsiger cyanurus,Red-flanked Bluetail,RFBL,Rossignol à flancs roux,,Tarsiger
Oenanthe oenanthe,Northern Wheatear,NOWH,Traquet motteux,,Oenanthe
Sialia sialis,Eastern Bluebird,EABL,Merlebleu de l'Est,,Sialia
Sialia mexicana,Western Bluebird,WEBL,Merlebleu de l'Ouest,,Sialia
Sialia currucoides,Mountain Bluebird,MOBL,Merlebleu azuré,,Sialia
Copsychus malabaricus,White-rumped Shama,WRSH,Shama à croupion blanc,,Copsychus
Chasiempis sandwichensis,Hawaii Elepaio,HAEL,Monarque d'Hawaï,,Chasiempis
Chasiempis ibidis,Oahu Elepaio,OAEL,Monarque d'Oahu,Y,Chasiempis
Chasiempis sclateri,Kauai Elepaio,KAEL,Monarque de Kauai,,Chasiempis
Ficedula albicilla,Taiga Flycatcher,TAFL,Gobemouche de la taïga,,Ficedula
Muscicapa sibirica,Dark-sided Flycatcher,DSFL,Gobemouche de Sibérie,,Muscicapa
Muscicapa griseisticta,Gray-streaked Flycatcher,GSFL,Gobemouche à taches grises,,Muscicapa
Telespiza cantans,Laysan Finch,LAFI,Psittirostre de Laysan,Y,Telespiza
Telespiza ultima,Nihoa Finch,NIFI,Psittirostre de Nihoa,Y,Telespiza
Psittirostra psittacea,Ou,OU,Psittirostre psittacin,Y,Psittirostra
Loxioides bailleui,Palila,PALI,Psittirostre palila,Y,Loxioides
Pseudonestor xanthophrys,Maui Parrotbill,MAPA,Psittirostre de Maui,Y,Pseudonestor
Chlorodrepanis virens,Hawaii Amakihi,HAAM,Amakihi familier,,Chlorodrepanis
Chlorodrepanis flava,Oahu Amakihi,OAAM,Amakihi d'Oahu,,Chlorodrepanis
Chlorodrepanis stejnegeri,Kauai Amakihi,KAAM,Amakihi de Kauai,,Chlorodrepanis
Magumma parva,Anianiau,ANIA,Anianiau de Kauai,,Magumma
Akialoa ellisiana,Oahu Akialoa,OAAK,Hémignathe à long bec,Y,Akialoa
Hemignathus lucidus,Nukupuu,NUKU,Hémignathe nukupuu,Y,Hemignathus
Hemignathus wilsoni,Akiapolaau,AKIP,Hémignathe akiapolaau,Y,Hemignathus
Oreomystis bairdi,Akikiki,AKIK,Grimpeur de Kauai,Y,Oreomystis
Loxops mana,Hawaii Creeper,HCRE,Grimpeur d'Hawaï,Y,Loxops
Paroreomyza montana,Maui Alauahio,MAAL,Grimpeur de Maui,,Paroreomyza
Paroreomyza flammea,Kakawahie,KAKA,Grimpeur de Molokai,Y,Paroreomyza
Paroreomyza maculata,Oahu Alauahio,OAAL,Grimpeur d'Oahu,Y,Paroreomyza
Loxops coccineus,Akepa,AKEP,Loxopse des Hawaï,Y,Loxops
Loxops caeruleirostris,Akekee,AKEK,Loxopse de Kauai,Y,Loxops
Drepanis coccinea,Iiwi,IIWI,Iiwi rouge,,Drepanis
Palmeria dolei,Akohekohe,AKOH,Palmérie huppée,Y,Palmeria
Himatione sanguinea,Apapane,APAP,Picchion cramoisi,,Himatione
Melamprosops phaeosoma,Poo-uli,POUL,Po-o-uli masqué,Y,Melamprosops
Euplectes franciscanus,Northern Red Bishop,NRBI,Euplecte franciscain,,Euplectes
Euplectes afer,Yellow-crowned Bishop,YCBI,Euplecte vorabé,,Euplectes
Uraeginthus bengalus,Red-cheeked Cordonbleu,RCCO,Cordonbleu à joues rouges,,Uraeginthus
Estrilda caerulescens,Lavender Waxbill,LAVW,Astrild queue-de-vinaigre,,Estrilda
Estrilda melpoda,Orange-cheeked Waxbill,ORAW,Astrild à joues orange,,Estrilda
Estrilda troglodytes,Black-rumped Waxbill,BRWX,Astrild cendré,,Estrilda
Estrilda astrild,Common Waxbill,COMW,Astrild ondulé,,Estrilda
Amandava amandava,Red Avadavat,REAV,Bengali rouge,,Amandava
Euodice cantans,African Silverbill,AFSI,Capucin bec-d'argent,,Euodice
Spermestes cucullata,Bronze Mannikin,BRMA,Capucin nonnette,,Spermestes
Lonchura punctulata,Scaly-breasted Munia,SBMU,Capucin damier,,Lonchura
Lonchura malacca,Tricolored Munia,TRMU,Capucin à dos marron,,Lonchura
Padda oryzivora,Java Sparrow,JAVS,Padda de Java,,Padda
Vidua macroura,Pin-tailed Whydah,PTWH,Veuve dominicaine,,Vidua
Aptenodytes patagonicus,King Penguin,KIPE,Manchot royal,,Aptenodytes
Aptenodytes forsteri,Emperor Penguin,EMPE,Manchot empereur,,Aptenodytes
Pygoscelis papua,Gentoo Penguin,GEPE,Manchot papou,,Pygoscelis
Pygoscelis adeliae,Adelie Penguin,ADPE,Manchot d'Adélie,,Pygoscelis
Pygoscelis antarcticus,Chinstrap Penguin,CHPE,Manchot à jugulaire,,Pygoscelis
Eudyptes pachyrhynchus,Victoria Penguin,VIPE,Gorfou du Fiordland,,Eudyptes
Eudyptes chrysocome,Rockhopper Penguin,ROCP,Gorfou sauteur,,Eudyptes
Eudyptes schlegeli,Royal Penguin,ROYP,Gorfou de Schlegel,,Eudyptes
Eudyptes chrysolophus,Macaroni Penguin,MACP,Gorfou doré,,Eudyptes
Eudyptula minor,Fairy Penguin,FAPE,Manchot pygmée,,Eudyptula
Spheniscus demersus,African Penguin,AFPE,Manchot du Cap,,Spheniscus
Spheniscus humboldti,Humboldt Penguin,HUPE,Manchot de Humboldt,,Spheniscus
Spheniscus magellanicus,Magellanic Penguin,MAGP,Manchot de Magellan,,Spheniscus
Spheniscus mendiculus,Galapagos Penguin,GALP,Manchot des Galapagos,,Spheniscus
Diomedea epomophora,Royal Albatross,ROAL,Albatros royal,,Diomedea
Thalassarche bulleri,Buller's Albatross,BUAL,Albatros de Buller,,Thalassarche
Thalassarche chrysostoma,Gray-headed Albatross,GHAL,Albatros à tête grise,,Thalassarche
Phoebetria fusca,Sooty Albatross,SOAL,,,Phoebetria
Phoebetria palpebrata,Light-mantled Albatross,LMSA,Albatros fuligineux,,Phoebetria
Macronectes giganteus,Southern Giant-Petrel,SGPE,Pétrel géant,,Macronectes
Fulmarus glacialoides,Southern Fulmar,SOFU,Fulmar argenté,,Fulmarus
Halobaena caerulea,Blue Petrel,BLPE,Prion bleu,,Halobaena
Pachyptila vittata,Broad-billed Prion,BBPR,Prion de Forster,,Pachyptila
Pachyptila desolata,Dove Prion,DOPR,Prion de la désolation,,Pachyptila
Pachyptila belcheri,Thin-billed Prion,TBPR,Prion de Belcher,,Pachyptila
Pachyptila turtur,Fairy Prion,FAPR,Prion colombe,,Pachyptila
Thalassoica antarctica,Antarctic Petrel,ANPE,Pétrel Antarctique,,Thalassoica
Procellaria aequinoctialis,White-chinned Petrel,WCPE,Puffin à menton blanc,,Procellaria
Aphrodroma brevirostris,Kerguelen Petrel,KEPE,Pétrel de Kerguelen,,Aphrodroma
Pagodroma nivea,Snow Petrel,SNPE,Pétrel des neiges,,Pagodroma
Garrodia nereis,Gray-backed Storm-Petrel,GBSP,Océanite néréide,,Garrodia
Leucocarbo atriceps,Blue-eyed Cormorant,BECO,Cormoran impérial,,Leucocarbo
Chionis albus,Snowy Sheathbill,SNSH,Chionis blanc,,Chionis
Chionis minor,Lesser Sheathbill,LESH,Petit Chionis,,Chionis
Larus dominicanus,Kelp Gull,KEGU,Goéland dominicain,,Larus
Sterna vittata,Antarctic Tern,ANTE,Sterne couronnée,,Sterna
Sterna virgata,Kerguelen Tern,KETE,Sterne de Kerguelen,,Sterna
Macronectes halli,Northern Giant-Petrel,NGPE,Pétrel de Hall,,Macronectes
Stercorarius antarcticus,Brown Skua,BRSK,Grand labbe,,Stercorarius
Monarcha takatsukasae,Tinian Monarch,TIMO,Monarque de Tinian,,Monarcha
Corvus kubaryi,Mariana Crow,MARC,Corneille de Guam,Y,Corvus
Aerodramus bartschi,Guam Swiftlet,GUSW,Salangane de Guam,Y,Aerodramus
Acrocephalus luscinius,Nightingale Reed Warbler,NIRW,Rousserolle rossignol,Y,Acrocephalus
Megapodius laperouse,Micronesian Megapode,MIME,Mégapode de La Pérouse,Y,Megapodius
Aerodramus spodiopygius,White-rumped Swiftlet,WRSW,Salangane à croupion blanc,,Aerodramus
Ptilinopus porphyraceus,Purple-capped Fruit Dove,PCFD,Tourterelle à collier,,Ptilinopus
Todiramphus chloris,Collared Kingfisher,COLK,Martin-chasseur à collier blanc,,Todiramphus
Aplonis atrifusca,Samoan Starling,SAST,Stourne de Samoa,,Aplonis
Aplonis tabuensis,Polynesian Starling,POST,Stourne de Polynésie,,Aplonis
Myzomela cardinalis,Cardinal Honeyeater,CAHO,Myzomèle cardinal,,Myzomela
Foulehaio carunculatus,Eastern Wattled Honeyeater,EWHO,Méliphage foulehaio,,Foulehaio
Myzomela rubratra,Micronesian Myzomela,MIMY,Myzomèle de Micronésie,,Myzomela
Rhipidura versicolor,Micronesian Rufous Fantail,MIRF,Rhipidure roux,,Rhipidura
Clytorhynchus vitiensis,Fiji Shrikebill,FISH,Monarque des Fidji,,Clytorhynchus
Zosterops conspicillatus,Bridled White-eye,BRWE,Zostérops bridé,,Zosterops
Cleptornis marchei,Golden White-eye,GOWE,Zostérops doré,,Cleptornis
Aplonis opaca,Micronesian Starling,MIST,Stourne de Micronésie,,Aplonis
Dicrurus macrocercus,Black Drongo,BLDR,Drongo royal,,Dicrurus
Eudynamys taitensis,Long-tailed Cuckoo,LTCU,Coucou de Nouvelle-Zélande,,Eudynamys
Ptilinopus perousii,Many-colored Fruit Dove,MCFD,Ptilope de La Pérouse,,Ptilinopus
Ducula pacifica,Pacific Pigeon,PAPI,Carpophage Pacifique,,Ducula
Alopecoenas stairi,Shy Ground Dove,SHGD,Gallicolombe de stair,Y,Alopecoenas
Todiramphus reichenbachii,Pohnpei Kingfisher,POKI,Martin-chasseur de Ponapé,Y,Todiramphus
Todiramphus cinnamominus,Guam Kingfisher,GUKI,,Y,Todiramphus
Aerodramus bartschi,Mariana Swiftlet,MASW,Salangane des Mariannes,Y,Aerodramus
Zosterops rotensis,Rota White-eye,ROWE,Zostérops de Rota,Y,Zosterops
Anthracothorax aurulentus,Puerto Rican Mango,PRMA,Mango de Porto Rico,,Anthracothorax
Trochilus polytmus,Streamertail,STTL,Colibri à tête noire,,Trochilus
Todus todus,Jamaican Tody,JATO,Todier de la Jamaïque,,Todus
Myiarchus barbirostris,Sad Flycatcher,SAFL,Tyran triste,,Myiarchus
Elaenia flavogaster,Yellow-bellied Elaenia,YBEL,Élénie à ventre jaune,,Elaenia
Elaenia fallax,Greater Antillean Elaenia,GAEL,Élénie sara,,Elaenia
Myiopagis cotta,Jamaican Elaenia,JAEL,Élénie de la Jamaïque,,Myiopagis
Corvus jamaicensis,Jamaican Crow,JACR,Corneille de la Jamaïque,,Corvus
Troglodytes musculus,Southern House Wren,SHWR,Troglodyte familier du sud,,Troglodytes
Cinclocerthia ruficauda,Brown Trembler,BRTR,Trembleur brun,,Cinclocerthia
Turdus jamaicensis,White-eyed Thrush,WETH,Merle aux yeux blancs,,Turdus
Turdus aurantius,White-chinned Thrush,WCTH,Merle à miroir,,Turdus
Myadestes genibarbis,Rufous-throated Solitaire,RTSO,Solitaire siffleur,,Myadestes
Vireo crassirostris,Thick-billed Vireo,TBVI,Viréo à bec fort,,Vireo
Vireo modestus,Jamaican Vireo,JAVI,Viréo de la Jamaïque,,Vireo
Setophaga pityophila,Olive-capped Warbler,OLIW,Paruline à calotte verte,,Setophaga
Setophaga pharetra,Arrowhead Warbler,ARRW,Paruline de la Jamaïque,,Setophaga
Geothlypis rostrata,Bahama Yellowthroat,BAYE,Paruline des Bahamas,,Geothlypis
Euneornis campestris,Orangequit,ORAN,Pique-orange de la Jamaïque,,Euneornis
Euphonia jamaica,Jamaican Euphonia,JAEU,Organiste de la Jamaïque,,Euphonia
Icterus icterus,Venezuelan Troupial,VETR,Oriole troupiale,,Icterus
Icterus leucopteryx,Jamaican Oriole,JAOR,Oriole de la Jamaïque,,Icterus
Loxipasser anoxanthus,Yellow-shouldered Grassquit,YSGR,Sporophile mantelé,,Loxipasser
Melopyrrha violacea,Greater Antillean Bullfinch,GABU,Sporophile petit-coq,,Melopyrrha
Sporophila nigricollis,Yellow-bellied Seedeater,YBSE,Sporophile à ventre jaune,,Sporophila
Volatinia jacarina,Blue-black Grassquit,BBGR,Jacarini noir,,Volatinia
